-----------------------------
-----------------------------
--Populate historical data --
-----------------------------
-----------------------------

-----------------------------
-- ^NDX = NASDAQ 100 index --
-----------------------------

INSERT Historical_Data ([Ticker], [Date], [Close]) Values ( 'NDX', '2022-05-18 00:00:00', 11928.30957)
INSERT Historical_Data ([Ticker], [Date], [Close]) Values ( 'NDX', '2022-05-19 00:00:00', 11875.629883)
INSERT Historical_Data ([Ticker], [Date], [Close]) Values ( 'NDX', '2022-05-20 00:00:00', 11835.620117)
INSERT Historical_Data ([Ticker], [Date], [Close]) Values ( 'NDX', '2022-05-23 00:00:00', 12034.280273)
INSERT Historical_Data ([Ticker], [Date], [Close]) Values ( 'NDX', '2022-05-24 00:00:00', 11769.839844)
INSERT Historical_Data ([Ticker], [Date], [Close]) Values ( 'NDX', '2022-05-25 00:00:00', 11943.929688)
INSERT Historical_Data ([Ticker], [Date], [Close]) Values ( 'NDX', '2022-05-26 00:00:00', 12276.790039)
INSERT Historical_Data ([Ticker], [Date], [Close]) Values ( 'NDX', '2022-05-27 00:00:00', 12681.419922)
INSERT Historical_Data ([Ticker], [Date], [Close]) Values ( 'NDX', '2022-05-31 00:00:00', 12642.099609)
INSERT Historical_Data ([Ticker], [Date], [Close]) Values ( 'NDX', '2022-06-01 00:00:00', 12548.360352)
INSERT Historical_Data ([Ticker], [Date], [Close]) Values ( 'NDX', '2022-06-02 00:00:00', 12892.889648)
INSERT Historical_Data ([Ticker], [Date], [Close]) Values ( 'NDX', '2022-06-03 00:00:00', 12548.030273)
INSERT Historical_Data ([Ticker], [Date], [Close]) Values ( 'NDX', '2022-06-06 00:00:00', 12599.629883)
INSERT Historical_Data ([Ticker], [Date], [Close]) Values ( 'NDX', '2022-06-07 00:00:00', 12711.679688)
INSERT Historical_Data ([Ticker], [Date], [Close]) Values ( 'NDX', '2022-06-08 00:00:00', 12615.129883)
INSERT Historical_Data ([Ticker], [Date], [Close]) Values ( 'NDX', '2022-06-09 00:00:00', 12269.780273)
INSERT Historical_Data ([Ticker], [Date], [Close]) Values ( 'NDX', '2022-06-10 00:00:00', 11832.820313)
INSERT Historical_Data ([Ticker], [Date], [Close]) Values ( 'NDX', '2022-06-13 00:00:00', 11288.320313)
INSERT Historical_Data ([Ticker], [Date], [Close]) Values ( 'NDX', '2022-06-14 00:00:00', 11311.69043)
INSERT Historical_Data ([Ticker], [Date], [Close]) Values ( 'NDX', '2022-06-15 00:00:00', 11593.769531)
INSERT Historical_Data ([Ticker], [Date], [Close]) Values ( 'NDX', '2022-06-16 00:00:00', 11127.570313)
INSERT Historical_Data ([Ticker], [Date], [Close]) Values ( 'NDX', '2022-06-17 00:00:00', 11265.990234)
INSERT Historical_Data ([Ticker], [Date], [Close]) Values ( 'NDX', '2022-06-21 00:00:00', 11546.759766)
INSERT Historical_Data ([Ticker], [Date], [Close]) Values ( 'NDX', '2022-06-22 00:00:00', 11527.709961)
INSERT Historical_Data ([Ticker], [Date], [Close]) Values ( 'NDX', '2022-06-23 00:00:00', 11697.679688)
INSERT Historical_Data ([Ticker], [Date], [Close]) Values ( 'NDX', '2022-06-24 00:00:00', 12105.849609)
INSERT Historical_Data ([Ticker], [Date], [Close]) Values ( 'NDX', '2022-06-27 00:00:00', 12008.240234)
INSERT Historical_Data ([Ticker], [Date], [Close]) Values ( 'NDX', '2022-06-28 00:00:00', 11637.769531)
INSERT Historical_Data ([Ticker], [Date], [Close]) Values ( 'NDX', '2022-06-29 00:00:00', 11658.259766)
INSERT Historical_Data ([Ticker], [Date], [Close]) Values ( 'NDX', '2022-06-30 00:00:00', 11503.719727)
INSERT Historical_Data ([Ticker], [Date], [Close]) Values ( 'NDX', '2022-07-01 00:00:00', 11585.679688)
INSERT Historical_Data ([Ticker], [Date], [Close]) Values ( 'NDX', '2022-07-05 00:00:00', 11779.900391)
INSERT Historical_Data ([Ticker], [Date], [Close]) Values ( 'NDX', '2022-07-06 00:00:00', 11852.589844)
INSERT Historical_Data ([Ticker], [Date], [Close]) Values ( 'NDX', '2022-07-07 00:00:00', 12109.049805)
INSERT Historical_Data ([Ticker], [Date], [Close]) Values ( 'NDX', '2022-07-08 00:00:00', 12125.69043)
INSERT Historical_Data ([Ticker], [Date], [Close]) Values ( 'NDX', '2022-07-11 00:00:00', 11860.280273)
INSERT Historical_Data ([Ticker], [Date], [Close]) Values ( 'NDX', '2022-07-12 00:00:00', 11744.990234)
INSERT Historical_Data ([Ticker], [Date], [Close]) Values ( 'NDX', '2022-07-13 00:00:00', 11728.530273)
INSERT Historical_Data ([Ticker], [Date], [Close]) Values ( 'NDX', '2022-07-14 00:00:00', 11768.400391)
INSERT Historical_Data ([Ticker], [Date], [Close]) Values ( 'NDX', '2022-07-15 00:00:00', 11983.620117)
INSERT Historical_Data ([Ticker], [Date], [Close]) Values ( 'NDX', '2022-07-18 00:00:00', 11877.5)
INSERT Historical_Data ([Ticker], [Date], [Close]) Values ( 'NDX', '2022-07-19 00:00:00', 12249.419922)
INSERT Historical_Data ([Ticker], [Date], [Close]) Values ( 'NDX', '2022-07-20 00:00:00', 12439.679688)
INSERT Historical_Data ([Ticker], [Date], [Close]) Values ( 'NDX', '2022-07-21 00:00:00', 12619.410156)
INSERT Historical_Data ([Ticker], [Date], [Close]) Values ( 'NDX', '2022-07-22 00:00:00', 12396.469727)
INSERT Historical_Data ([Ticker], [Date], [Close]) Values ( 'NDX', '2022-07-25 00:00:00', 12328.410156)
INSERT Historical_Data ([Ticker], [Date], [Close]) Values ( 'NDX', '2022-07-26 00:00:00', 12086.900391)
INSERT Historical_Data ([Ticker], [Date], [Close]) Values ( 'NDX', '2022-07-27 00:00:00', 12601.469727)
INSERT Historical_Data ([Ticker], [Date], [Close]) Values ( 'NDX', '2022-07-28 00:00:00', 12717.870117)
INSERT Historical_Data ([Ticker], [Date], [Close]) Values ( 'NDX', '2022-07-29 00:00:00', 12947.969727)
INSERT Historical_Data ([Ticker], [Date], [Close]) Values ( 'NDX', '2022-08-01 00:00:00', 12940.780273)
INSERT Historical_Data ([Ticker], [Date], [Close]) Values ( 'NDX', '2022-08-02 00:00:00', 12901.599609)
INSERT Historical_Data ([Ticker], [Date], [Close]) Values ( 'NDX', '2022-08-03 00:00:00', 13253.259766)
INSERT Historical_Data ([Ticker], [Date], [Close]) Values ( 'NDX', '2022-08-04 00:00:00', 13311.040039)
INSERT Historical_Data ([Ticker], [Date], [Close]) Values ( 'NDX', '2022-08-05 00:00:00', 13207.69043)
INSERT Historical_Data ([Ticker], [Date], [Close]) Values ( 'NDX', '2022-08-08 00:00:00', 13159.160156)
INSERT Historical_Data ([Ticker], [Date], [Close]) Values ( 'NDX', '2022-08-09 00:00:00', 13008.169922)
INSERT Historical_Data ([Ticker], [Date], [Close]) Values ( 'NDX', '2022-08-10 00:00:00', 13378.320313)
INSERT Historical_Data ([Ticker], [Date], [Close]) Values ( 'NDX', '2022-08-11 00:00:00', 13291.990234)
INSERT Historical_Data ([Ticker], [Date], [Close]) Values ( 'NDX', '2022-08-12 00:00:00', 13565.870117)
INSERT Historical_Data ([Ticker], [Date], [Close]) Values ( 'NDX', '2022-08-15 00:00:00', 13667.179688)
INSERT Historical_Data ([Ticker], [Date], [Close]) Values ( 'NDX', '2022-08-16 00:00:00', 13635.209961)
INSERT Historical_Data ([Ticker], [Date], [Close]) Values ( 'NDX', '2022-08-17 00:00:00', 13470.860352)
INSERT Historical_Data ([Ticker], [Date], [Close]) Values ( 'NDX', '2022-08-18 00:00:00', 13505.990234)
INSERT Historical_Data ([Ticker], [Date], [Close]) Values ( 'NDX', '2022-08-19 00:00:00', 13242.900391)
INSERT Historical_Data ([Ticker], [Date], [Close]) Values ( 'NDX', '2022-08-22 00:00:00', 12890.540039)
INSERT Historical_Data ([Ticker], [Date], [Close]) Values ( 'NDX', '2022-08-23 00:00:00', 12881.790039)
INSERT Historical_Data ([Ticker], [Date], [Close]) Values ( 'NDX', '2022-08-24 00:00:00', 12917.860352)
INSERT Historical_Data ([Ticker], [Date], [Close]) Values ( 'NDX', '2022-08-25 00:00:00', 13143.580078)
INSERT Historical_Data ([Ticker], [Date], [Close]) Values ( 'NDX', '2022-08-26 00:00:00', 12605.169922)
INSERT Historical_Data ([Ticker], [Date], [Close]) Values ( 'NDX', '2022-08-29 00:00:00', 12484.320313)
INSERT Historical_Data ([Ticker], [Date], [Close]) Values ( 'NDX', '2022-08-30 00:00:00', 12342.700195)
INSERT Historical_Data ([Ticker], [Date], [Close]) Values ( 'NDX', '2022-08-31 00:00:00', 12272.030273)
INSERT Historical_Data ([Ticker], [Date], [Close]) Values ( 'NDX', '2022-09-01 00:00:00', 12274.620117)
INSERT Historical_Data ([Ticker], [Date], [Close]) Values ( 'NDX', '2022-09-02 00:00:00', 12098.44043)
INSERT Historical_Data ([Ticker], [Date], [Close]) Values ( 'NDX', '2022-09-06 00:00:00', 12011.30957)
INSERT Historical_Data ([Ticker], [Date], [Close]) Values ( 'NDX', '2022-09-07 00:00:00', 12259.389648)
INSERT Historical_Data ([Ticker], [Date], [Close]) Values ( 'NDX', '2022-09-08 00:00:00', 12321.19043)
INSERT Historical_Data ([Ticker], [Date], [Close]) Values ( 'NDX', '2022-09-09 00:00:00', 12588.290039)
INSERT Historical_Data ([Ticker], [Date], [Close]) Values ( 'NDX', '2022-09-12 00:00:00', 12739.719727)
INSERT Historical_Data ([Ticker], [Date], [Close]) Values ( 'NDX', '2022-09-13 00:00:00', 12033.620117)
INSERT Historical_Data ([Ticker], [Date], [Close]) Values ( 'NDX', '2022-09-14 00:00:00', 12134.400391)
INSERT Historical_Data ([Ticker], [Date], [Close]) Values ( 'NDX', '2022-09-15 00:00:00', 11927.490234)
INSERT Historical_Data ([Ticker], [Date], [Close]) Values ( 'NDX', '2022-09-16 00:00:00', 11861.379883)
INSERT Historical_Data ([Ticker], [Date], [Close]) Values ( 'NDX', '2022-09-19 00:00:00', 11953.269531)
INSERT Historical_Data ([Ticker], [Date], [Close]) Values ( 'NDX', '2022-09-20 00:00:00', 11851.540039)
INSERT Historical_Data ([Ticker], [Date], [Close]) Values ( 'NDX', '2022-09-21 00:00:00', 11637.790039)
INSERT Historical_Data ([Ticker], [Date], [Close]) Values ( 'NDX', '2022-09-22 00:00:00', 11501.650391)
INSERT Historical_Data ([Ticker], [Date], [Close]) Values ( 'NDX', '2022-09-23 00:00:00', 11311.240234)
INSERT Historical_Data ([Ticker], [Date], [Close]) Values ( 'NDX', '2022-09-26 00:00:00', 11254.110352)
INSERT Historical_Data ([Ticker], [Date], [Close]) Values ( 'NDX', '2022-09-27 00:00:00', 11271.75)
INSERT Historical_Data ([Ticker], [Date], [Close]) Values ( 'NDX', '2022-09-28 00:00:00', 11493.830078)
INSERT Historical_Data ([Ticker], [Date], [Close]) Values ( 'NDX', '2022-09-29 00:00:00', 11164.780273)
INSERT Historical_Data ([Ticker], [Date], [Close]) Values ( 'NDX', '2022-09-30 00:00:00', 10971.219727)
INSERT Historical_Data ([Ticker], [Date], [Close]) Values ( 'NDX', '2022-10-03 00:00:00', 11229.730469)
INSERT Historical_Data ([Ticker], [Date], [Close]) Values ( 'NDX', '2022-10-04 00:00:00', 11582.540039)
INSERT Historical_Data ([Ticker], [Date], [Close]) Values ( 'NDX', '2022-10-05 00:00:00', 11573.179688)
INSERT Historical_Data ([Ticker], [Date], [Close]) Values ( 'NDX', '2022-10-06 00:00:00', 11485.5)
INSERT Historical_Data ([Ticker], [Date], [Close]) Values ( 'NDX', '2022-10-07 00:00:00', 11039.469727)
INSERT Historical_Data ([Ticker], [Date], [Close]) Values ( 'NDX', '2022-10-10 00:00:00', 10926.969727)
INSERT Historical_Data ([Ticker], [Date], [Close]) Values ( 'NDX', '2022-10-11 00:00:00', 10791.349609)
INSERT Historical_Data ([Ticker], [Date], [Close]) Values ( 'NDX', '2022-10-12 00:00:00', 10785.620117)
INSERT Historical_Data ([Ticker], [Date], [Close]) Values ( 'NDX', '2022-10-13 00:00:00', 11033.580078)
INSERT Historical_Data ([Ticker], [Date], [Close]) Values ( 'NDX', '2022-10-14 00:00:00', 10692.05957)
INSERT Historical_Data ([Ticker], [Date], [Close]) Values ( 'NDX', '2022-10-17 00:00:00', 11062.530273)
INSERT Historical_Data ([Ticker], [Date], [Close]) Values ( 'NDX', '2022-10-18 00:00:00', 11147.740234)
INSERT Historical_Data ([Ticker], [Date], [Close]) Values ( 'NDX', '2022-10-19 00:00:00', 11103.379883)
INSERT Historical_Data ([Ticker], [Date], [Close]) Values ( 'NDX', '2022-10-20 00:00:00', 11046.709961)
INSERT Historical_Data ([Ticker], [Date], [Close]) Values ( 'NDX', '2022-10-21 00:00:00', 11310.330078)
INSERT Historical_Data ([Ticker], [Date], [Close]) Values ( 'NDX', '2022-10-24 00:00:00', 11430.259766)
INSERT Historical_Data ([Ticker], [Date], [Close]) Values ( 'NDX', '2022-10-25 00:00:00', 11669.990234)
INSERT Historical_Data ([Ticker], [Date], [Close]) Values ( 'NDX', '2022-10-26 00:00:00', 11405.900391)
INSERT Historical_Data ([Ticker], [Date], [Close]) Values ( 'NDX', '2022-10-27 00:00:00', 11191.629883)
INSERT Historical_Data ([Ticker], [Date], [Close]) Values ( 'NDX', '2022-10-28 00:00:00', 11546.209961)
INSERT Historical_Data ([Ticker], [Date], [Close]) Values ( 'NDX', '2022-10-31 00:00:00', 11405.570313)
INSERT Historical_Data ([Ticker], [Date], [Close]) Values ( 'NDX', '2022-11-01 00:00:00', 11288.950195)
INSERT Historical_Data ([Ticker], [Date], [Close]) Values ( 'NDX', '2022-11-02 00:00:00', 10906.339844)
INSERT Historical_Data ([Ticker], [Date], [Close]) Values ( 'NDX', '2022-11-03 00:00:00', 10690.599609)
INSERT Historical_Data ([Ticker], [Date], [Close]) Values ( 'NDX', '2022-11-04 00:00:00', 10857.030273)
INSERT Historical_Data ([Ticker], [Date], [Close]) Values ( 'NDX', '2022-11-07 00:00:00', 10977)
INSERT Historical_Data ([Ticker], [Date], [Close]) Values ( 'NDX', '2022-11-08 00:00:00', 11059.5)
INSERT Historical_Data ([Ticker], [Date], [Close]) Values ( 'NDX', '2022-11-09 00:00:00', 10797.549805)
INSERT Historical_Data ([Ticker], [Date], [Close]) Values ( 'NDX', '2022-11-10 00:00:00', 11605.959961)
INSERT Historical_Data ([Ticker], [Date], [Close]) Values ( 'NDX', '2022-11-11 00:00:00', 11817.009766)
INSERT Historical_Data ([Ticker], [Date], [Close]) Values ( 'NDX', '2022-11-14 00:00:00', 11700.94043)
INSERT Historical_Data ([Ticker], [Date], [Close]) Values ( 'NDX', '2022-11-15 00:00:00', 11871.150391)
INSERT Historical_Data ([Ticker], [Date], [Close]) Values ( 'NDX', '2022-11-16 00:00:00', 11699.089844)
INSERT Historical_Data ([Ticker], [Date], [Close]) Values ( 'NDX', '2022-11-17 00:00:00', 11676.860352)
INSERT Historical_Data ([Ticker], [Date], [Close]) Values ( 'NDX', '2022-11-18 00:00:00', 11677.019531)
INSERT Historical_Data ([Ticker], [Date], [Close]) Values ( 'NDX', '2022-11-21 00:00:00', 11553.450195)
INSERT Historical_Data ([Ticker], [Date], [Close]) Values ( 'NDX', '2022-11-22 00:00:00', 11724.839844)
INSERT Historical_Data ([Ticker], [Date], [Close]) Values ( 'NDX', '2022-11-23 00:00:00', 11838.719727)
INSERT Historical_Data ([Ticker], [Date], [Close]) Values ( 'NDX', '2022-11-25 00:00:00', 11756.030273)
INSERT Historical_Data ([Ticker], [Date], [Close]) Values ( 'NDX', '2022-11-28 00:00:00', 11587.75)
INSERT Historical_Data ([Ticker], [Date], [Close]) Values ( 'NDX', '2022-11-29 00:00:00', 11503.450195)
INSERT Historical_Data ([Ticker], [Date], [Close]) Values ( 'NDX', '2022-11-30 00:00:00', 12030.05957)
INSERT Historical_Data ([Ticker], [Date], [Close]) Values ( 'NDX', '2022-12-01 00:00:00', 12041.889648)
INSERT Historical_Data ([Ticker], [Date], [Close]) Values ( 'NDX', '2022-12-02 00:00:00', 11994.259766)
INSERT Historical_Data ([Ticker], [Date], [Close]) Values ( 'NDX', '2022-12-05 00:00:00', 11786.799805)
INSERT Historical_Data ([Ticker], [Date], [Close]) Values ( 'NDX', '2022-12-06 00:00:00', 11549.69043)
INSERT Historical_Data ([Ticker], [Date], [Close]) Values ( 'NDX', '2022-12-07 00:00:00', 11497.389648)
INSERT Historical_Data ([Ticker], [Date], [Close]) Values ( 'NDX', '2022-12-08 00:00:00', 11637.5)
INSERT Historical_Data ([Ticker], [Date], [Close]) Values ( 'NDX', '2022-12-09 00:00:00', 11563.330078)
INSERT Historical_Data ([Ticker], [Date], [Close]) Values ( 'NDX', '2022-12-12 00:00:00', 11706.44043)
INSERT Historical_Data ([Ticker], [Date], [Close]) Values ( 'NDX', '2022-12-13 00:00:00', 11834.209961)
INSERT Historical_Data ([Ticker], [Date], [Close]) Values ( 'NDX', '2022-12-14 00:00:00', 11740.919922)
INSERT Historical_Data ([Ticker], [Date], [Close]) Values ( 'NDX', '2022-12-15 00:00:00', 11345.219727)
INSERT Historical_Data ([Ticker], [Date], [Close]) Values ( 'NDX', '2022-12-16 00:00:00', 11243.719727)
INSERT Historical_Data ([Ticker], [Date], [Close]) Values ( 'NDX', '2022-12-19 00:00:00', 11084.589844)
INSERT Historical_Data ([Ticker], [Date], [Close]) Values ( 'NDX', '2022-12-20 00:00:00', 11072.419922)
INSERT Historical_Data ([Ticker], [Date], [Close]) Values ( 'NDX', '2022-12-21 00:00:00', 11235.879883)
INSERT Historical_Data ([Ticker], [Date], [Close]) Values ( 'NDX', '2022-12-22 00:00:00', 10956.139648)
INSERT Historical_Data ([Ticker], [Date], [Close]) Values ( 'NDX', '2022-12-23 00:00:00', 10985.450195)
INSERT Historical_Data ([Ticker], [Date], [Close]) Values ( 'NDX', '2022-12-27 00:00:00', 10822.509766)
INSERT Historical_Data ([Ticker], [Date], [Close]) Values ( 'NDX', '2022-12-28 00:00:00', 10679.339844)
INSERT Historical_Data ([Ticker], [Date], [Close]) Values ( 'NDX', '2022-12-29 00:00:00', 10951.049805)
INSERT Historical_Data ([Ticker], [Date], [Close]) Values ( 'NDX', '2022-12-30 00:00:00', 10939.759766)
INSERT Historical_Data ([Ticker], [Date], [Close]) Values ( 'NDX', '2023-01-03 00:00:00', 10862.639648)
INSERT Historical_Data ([Ticker], [Date], [Close]) Values ( 'NDX', '2023-01-04 00:00:00', 10914.799805)
INSERT Historical_Data ([Ticker], [Date], [Close]) Values ( 'NDX', '2023-01-05 00:00:00', 10741.219727)
INSERT Historical_Data ([Ticker], [Date], [Close]) Values ( 'NDX', '2023-01-06 00:00:00', 11040.349609)
INSERT Historical_Data ([Ticker], [Date], [Close]) Values ( 'NDX', '2023-01-09 00:00:00', 11108.450195)
INSERT Historical_Data ([Ticker], [Date], [Close]) Values ( 'NDX', '2023-01-10 00:00:00', 11205.780273)
INSERT Historical_Data ([Ticker], [Date], [Close]) Values ( 'NDX', '2023-01-11 00:00:00', 11402.519531)
INSERT Historical_Data ([Ticker], [Date], [Close]) Values ( 'NDX', '2023-01-12 00:00:00', 11459.610352)
INSERT Historical_Data ([Ticker], [Date], [Close]) Values ( 'NDX', '2023-01-13 00:00:00', 11541.480469)
INSERT Historical_Data ([Ticker], [Date], [Close]) Values ( 'NDX', '2023-01-17 00:00:00', 11557.19043)
INSERT Historical_Data ([Ticker], [Date], [Close]) Values ( 'NDX', '2023-01-18 00:00:00', 11410.290039)
INSERT Historical_Data ([Ticker], [Date], [Close]) Values ( 'NDX', '2023-01-19 00:00:00', 11295.669922)
INSERT Historical_Data ([Ticker], [Date], [Close]) Values ( 'NDX', '2023-01-20 00:00:00', 11619.030273)
INSERT Historical_Data ([Ticker], [Date], [Close]) Values ( 'NDX', '2023-01-23 00:00:00', 11872.540039)
INSERT Historical_Data ([Ticker], [Date], [Close]) Values ( 'NDX', '2023-01-24 00:00:00', 11846.639648)
INSERT Historical_Data ([Ticker], [Date], [Close]) Values ( 'NDX', '2023-01-25 00:00:00', 11814.69043)
INSERT Historical_Data ([Ticker], [Date], [Close]) Values ( 'NDX', '2023-01-26 00:00:00', 12051.480469)
INSERT Historical_Data ([Ticker], [Date], [Close]) Values ( 'NDX', '2023-01-27 00:00:00', 12166.599609)
INSERT Historical_Data ([Ticker], [Date], [Close]) Values ( 'NDX', '2023-01-30 00:00:00', 11912.389648)
INSERT Historical_Data ([Ticker], [Date], [Close]) Values ( 'NDX', '2023-01-31 00:00:00', 12101.929688)
INSERT Historical_Data ([Ticker], [Date], [Close]) Values ( 'NDX', '2023-02-01 00:00:00', 12363.099609)
INSERT Historical_Data ([Ticker], [Date], [Close]) Values ( 'NDX', '2023-02-02 00:00:00', 12803.139648)
INSERT Historical_Data ([Ticker], [Date], [Close]) Values ( 'NDX', '2023-02-03 00:00:00', 12573.360352)
INSERT Historical_Data ([Ticker], [Date], [Close]) Values ( 'NDX', '2023-02-06 00:00:00', 12464.509766)
INSERT Historical_Data ([Ticker], [Date], [Close]) Values ( 'NDX', '2023-02-07 00:00:00', 12728.269531)
INSERT Historical_Data ([Ticker], [Date], [Close]) Values ( 'NDX', '2023-02-08 00:00:00', 12495.379883)
INSERT Historical_Data ([Ticker], [Date], [Close]) Values ( 'NDX', '2023-02-09 00:00:00', 12381.169922)
INSERT Historical_Data ([Ticker], [Date], [Close]) Values ( 'NDX', '2023-02-10 00:00:00', 12304.919922)
INSERT Historical_Data ([Ticker], [Date], [Close]) Values ( 'NDX', '2023-02-13 00:00:00', 12502.30957)
INSERT Historical_Data ([Ticker], [Date], [Close]) Values ( 'NDX', '2023-02-14 00:00:00', 12590.889648)
INSERT Historical_Data ([Ticker], [Date], [Close]) Values ( 'NDX', '2023-02-15 00:00:00', 12687.889648)
INSERT Historical_Data ([Ticker], [Date], [Close]) Values ( 'NDX', '2023-02-16 00:00:00', 12442.480469)
INSERT Historical_Data ([Ticker], [Date], [Close]) Values ( 'NDX', '2023-02-17 00:00:00', 12358.179688)
INSERT Historical_Data ([Ticker], [Date], [Close]) Values ( 'NDX', '2023-02-21 00:00:00', 12060.299805)
INSERT Historical_Data ([Ticker], [Date], [Close]) Values ( 'NDX', '2023-02-22 00:00:00', 12066.269531)
INSERT Historical_Data ([Ticker], [Date], [Close]) Values ( 'NDX', '2023-02-23 00:00:00', 12180.139648)
INSERT Historical_Data ([Ticker], [Date], [Close]) Values ( 'NDX', '2023-02-24 00:00:00', 11969.650391)
INSERT Historical_Data ([Ticker], [Date], [Close]) Values ( 'NDX', '2023-02-27 00:00:00', 12057.790039)
INSERT Historical_Data ([Ticker], [Date], [Close]) Values ( 'NDX', '2023-02-28 00:00:00', 12042.120117)
INSERT Historical_Data ([Ticker], [Date], [Close]) Values ( 'NDX', '2023-03-01 00:00:00', 11938.570313)
INSERT Historical_Data ([Ticker], [Date], [Close]) Values ( 'NDX', '2023-03-02 00:00:00', 12044.870117)
INSERT Historical_Data ([Ticker], [Date], [Close]) Values ( 'NDX', '2023-03-03 00:00:00', 12290.80957)
INSERT Historical_Data ([Ticker], [Date], [Close]) Values ( 'NDX', '2023-03-06 00:00:00', 12302.480469)
INSERT Historical_Data ([Ticker], [Date], [Close]) Values ( 'NDX', '2023-03-07 00:00:00', 12152.169922)
INSERT Historical_Data ([Ticker], [Date], [Close]) Values ( 'NDX', '2023-03-08 00:00:00', 12215.330078)
INSERT Historical_Data ([Ticker], [Date], [Close]) Values ( 'NDX', '2023-03-09 00:00:00', 11995.879883)
INSERT Historical_Data ([Ticker], [Date], [Close]) Values ( 'NDX', '2023-03-10 00:00:00', 11830.280273)
INSERT Historical_Data ([Ticker], [Date], [Close]) Values ( 'NDX', '2023-03-13 00:00:00', 11923.169922)
INSERT Historical_Data ([Ticker], [Date], [Close]) Values ( 'NDX', '2023-03-14 00:00:00', 12199.790039)
INSERT Historical_Data ([Ticker], [Date], [Close]) Values ( 'NDX', '2023-03-15 00:00:00', 12251.320313)
INSERT Historical_Data ([Ticker], [Date], [Close]) Values ( 'NDX', '2023-03-16 00:00:00', 12581.389648)
INSERT Historical_Data ([Ticker], [Date], [Close]) Values ( 'NDX', '2023-03-17 00:00:00', 12519.879883)
INSERT Historical_Data ([Ticker], [Date], [Close]) Values ( 'NDX', '2023-03-20 00:00:00', 12562.610352)
INSERT Historical_Data ([Ticker], [Date], [Close]) Values ( 'NDX', '2023-03-21 00:00:00', 12741.44043)
INSERT Historical_Data ([Ticker], [Date], [Close]) Values ( 'NDX', '2023-03-22 00:00:00', 12567.150391)
INSERT Historical_Data ([Ticker], [Date], [Close]) Values ( 'NDX', '2023-03-23 00:00:00', 12729.230469)
INSERT Historical_Data ([Ticker], [Date], [Close]) Values ( 'NDX', '2023-03-24 00:00:00', 12767.049805)
INSERT Historical_Data ([Ticker], [Date], [Close]) Values ( 'NDX', '2023-03-27 00:00:00', 12673.070313)
INSERT Historical_Data ([Ticker], [Date], [Close]) Values ( 'NDX', '2023-03-28 00:00:00', 12610.570313)
INSERT Historical_Data ([Ticker], [Date], [Close]) Values ( 'NDX', '2023-03-29 00:00:00', 12846.030273)
INSERT Historical_Data ([Ticker], [Date], [Close]) Values ( 'NDX', '2023-03-30 00:00:00', 12963.139648)
INSERT Historical_Data ([Ticker], [Date], [Close]) Values ( 'NDX', '2023-03-31 00:00:00', 13181.349609)
INSERT Historical_Data ([Ticker], [Date], [Close]) Values ( 'NDX', '2023-04-03 00:00:00', 13148.349609)
INSERT Historical_Data ([Ticker], [Date], [Close]) Values ( 'NDX', '2023-04-04 00:00:00', 13100.080078)
INSERT Historical_Data ([Ticker], [Date], [Close]) Values ( 'NDX', '2023-04-05 00:00:00', 12967.200195)
INSERT Historical_Data ([Ticker], [Date], [Close]) Values ( 'NDX', '2023-04-06 00:00:00', 13062.599609)
INSERT Historical_Data ([Ticker], [Date], [Close]) Values ( 'NDX', '2023-04-10 00:00:00', 13051.230469)
INSERT Historical_Data ([Ticker], [Date], [Close]) Values ( 'NDX', '2023-04-11 00:00:00', 12964.150391)
INSERT Historical_Data ([Ticker], [Date], [Close]) Values ( 'NDX', '2023-04-12 00:00:00', 12848.349609)
INSERT Historical_Data ([Ticker], [Date], [Close]) Values ( 'NDX', '2023-04-13 00:00:00', 13109.389648)
INSERT Historical_Data ([Ticker], [Date], [Close]) Values ( 'NDX', '2023-04-14 00:00:00', 13079.519531)
INSERT Historical_Data ([Ticker], [Date], [Close]) Values ( 'NDX', '2023-04-17 00:00:00', 13087.709961)
INSERT Historical_Data ([Ticker], [Date], [Close]) Values ( 'NDX', '2023-04-18 00:00:00', 13091.790039)
INSERT Historical_Data ([Ticker], [Date], [Close]) Values ( 'NDX', '2023-04-19 00:00:00', 13088.709961)
INSERT Historical_Data ([Ticker], [Date], [Close]) Values ( 'NDX', '2023-04-20 00:00:00', 12985.980469)
INSERT Historical_Data ([Ticker], [Date], [Close]) Values ( 'NDX', '2023-04-21 00:00:00', 13000.769531)
INSERT Historical_Data ([Ticker], [Date], [Close]) Values ( 'NDX', '2023-04-24 00:00:00', 12969.759766)
INSERT Historical_Data ([Ticker], [Date], [Close]) Values ( 'NDX', '2023-04-25 00:00:00', 12725.110352)
INSERT Historical_Data ([Ticker], [Date], [Close]) Values ( 'NDX', '2023-04-26 00:00:00', 12806.480469)
INSERT Historical_Data ([Ticker], [Date], [Close]) Values ( 'NDX', '2023-04-27 00:00:00', 13160.030273)
INSERT Historical_Data ([Ticker], [Date], [Close]) Values ( 'NDX', '2023-04-28 00:00:00', 13245.990234)
INSERT Historical_Data ([Ticker], [Date], [Close]) Values ( 'NDX', '2023-05-01 00:00:00', 13231.469727)
INSERT Historical_Data ([Ticker], [Date], [Close]) Values ( 'NDX', '2023-05-02 00:00:00', 13113.660156)
INSERT Historical_Data ([Ticker], [Date], [Close]) Values ( 'NDX', '2023-05-03 00:00:00', 13030.209961)
INSERT Historical_Data ([Ticker], [Date], [Close]) Values ( 'NDX', '2023-05-04 00:00:00', 12982.480469)
INSERT Historical_Data ([Ticker], [Date], [Close]) Values ( 'NDX', '2023-05-05 00:00:00', 13259.129883)
INSERT Historical_Data ([Ticker], [Date], [Close]) Values ( 'NDX', '2023-05-08 00:00:00', 13291.639648)
INSERT Historical_Data ([Ticker], [Date], [Close]) Values ( 'NDX', '2023-05-09 00:00:00', 13201.110352)
INSERT Historical_Data ([Ticker], [Date], [Close]) Values ( 'NDX', '2023-05-10 00:00:00', 13347.830078)
INSERT Historical_Data ([Ticker], [Date], [Close]) Values ( 'NDX', '2023-05-11 00:00:00', 13389.780273)
INSERT Historical_Data ([Ticker], [Date], [Close]) Values ( 'NDX', '2023-05-12 00:00:00', 13340.179688)
INSERT Historical_Data ([Ticker], [Date], [Close]) Values ( 'NDX', '2023-05-15 00:00:00', 13413.509766)
INSERT Historical_Data ([Ticker], [Date], [Close]) Values ( 'NDX', '2023-05-16 00:00:00', 13426.009766)
INSERT Historical_Data ([Ticker], [Date], [Close]) Values ( 'NDX', '2023-05-17 00:00:00', 13589.259766)
INSERT Historical_Data ([Ticker], [Date], [Close]) Values ( 'NDX', '2023-05-18 00:00:00', 13759.492188)

-----------------------
-- INTU = Intuit Inc --
-----------------------

INSERT Historical_Data ([Ticker], [Date], [Close]) Values ( 'INTU', '2022-05-18 00:00:00', 353.309998)
INSERT Historical_Data ([Ticker], [Date], [Close]) Values ( 'INTU', '2022-05-19 00:00:00', 362.329987)
INSERT Historical_Data ([Ticker], [Date], [Close]) Values ( 'INTU', '2022-05-20 00:00:00', 367.779999)
INSERT Historical_Data ([Ticker], [Date], [Close]) Values ( 'INTU', '2022-05-23 00:00:00', 371.369995)
INSERT Historical_Data ([Ticker], [Date], [Close]) Values ( 'INTU', '2022-05-24 00:00:00', 358.970001)
INSERT Historical_Data ([Ticker], [Date], [Close]) Values ( 'INTU', '2022-05-25 00:00:00', 388.450012)
INSERT Historical_Data ([Ticker], [Date], [Close]) Values ( 'INTU', '2022-05-26 00:00:00', 406.420013)
INSERT Historical_Data ([Ticker], [Date], [Close]) Values ( 'INTU', '2022-05-27 00:00:00', 422.480011)
INSERT Historical_Data ([Ticker], [Date], [Close]) Values ( 'INTU', '2022-05-31 00:00:00', 414.459991)
INSERT Historical_Data ([Ticker], [Date], [Close]) Values ( 'INTU', '2022-06-01 00:00:00', 408.369995)
INSERT Historical_Data ([Ticker], [Date], [Close]) Values ( 'INTU', '2022-06-02 00:00:00', 426.859985)
INSERT Historical_Data ([Ticker], [Date], [Close]) Values ( 'INTU', '2022-06-03 00:00:00', 408.950012)
INSERT Historical_Data ([Ticker], [Date], [Close]) Values ( 'INTU', '2022-06-06 00:00:00', 408.970001)
INSERT Historical_Data ([Ticker], [Date], [Close]) Values ( 'INTU', '2022-06-07 00:00:00', 416.649994)
INSERT Historical_Data ([Ticker], [Date], [Close]) Values ( 'INTU', '2022-06-08 00:00:00', 414.459991)
INSERT Historical_Data ([Ticker], [Date], [Close]) Values ( 'INTU', '2022-06-09 00:00:00', 400.549988)
INSERT Historical_Data ([Ticker], [Date], [Close]) Values ( 'INTU', '2022-06-10 00:00:00', 381.220001)
INSERT Historical_Data ([Ticker], [Date], [Close]) Values ( 'INTU', '2022-06-13 00:00:00', 363.98999)
INSERT Historical_Data ([Ticker], [Date], [Close]) Values ( 'INTU', '2022-06-14 00:00:00', 364.779999)
INSERT Historical_Data ([Ticker], [Date], [Close]) Values ( 'INTU', '2022-06-15 00:00:00', 378.540009)
INSERT Historical_Data ([Ticker], [Date], [Close]) Values ( 'INTU', '2022-06-16 00:00:00', 359.630005)
INSERT Historical_Data ([Ticker], [Date], [Close]) Values ( 'INTU', '2022-06-17 00:00:00', 369.709991)
INSERT Historical_Data ([Ticker], [Date], [Close]) Values ( 'INTU', '2022-06-21 00:00:00', 377.429993)
INSERT Historical_Data ([Ticker], [Date], [Close]) Values ( 'INTU', '2022-06-22 00:00:00', 380.839996)
INSERT Historical_Data ([Ticker], [Date], [Close]) Values ( 'INTU', '2022-06-23 00:00:00', 400.75)
INSERT Historical_Data ([Ticker], [Date], [Close]) Values ( 'INTU', '2022-06-24 00:00:00', 417.619995)
INSERT Historical_Data ([Ticker], [Date], [Close]) Values ( 'INTU', '2022-06-27 00:00:00', 404.720001)
INSERT Historical_Data ([Ticker], [Date], [Close]) Values ( 'INTU', '2022-06-28 00:00:00', 386.290009)
INSERT Historical_Data ([Ticker], [Date], [Close]) Values ( 'INTU', '2022-06-29 00:00:00', 389.660004)
INSERT Historical_Data ([Ticker], [Date], [Close]) Values ( 'INTU', '2022-06-30 00:00:00', 385.440002)
INSERT Historical_Data ([Ticker], [Date], [Close]) Values ( 'INTU', '2022-07-01 00:00:00', 388.309998)
INSERT Historical_Data ([Ticker], [Date], [Close]) Values ( 'INTU', '2022-07-05 00:00:00', 400.220001)
INSERT Historical_Data ([Ticker], [Date], [Close]) Values ( 'INTU', '2022-07-06 00:00:00', 404.910004)
INSERT Historical_Data ([Ticker], [Date], [Close]) Values ( 'INTU', '2022-07-07 00:00:00', 410.839996)
INSERT Historical_Data ([Ticker], [Date], [Close]) Values ( 'INTU', '2022-07-08 00:00:00', 406.809998)
INSERT Historical_Data ([Ticker], [Date], [Close]) Values ( 'INTU', '2022-07-11 00:00:00', 402.559998)
INSERT Historical_Data ([Ticker], [Date], [Close]) Values ( 'INTU', '2022-07-12 00:00:00', 385.869995)
INSERT Historical_Data ([Ticker], [Date], [Close]) Values ( 'INTU', '2022-07-13 00:00:00', 383.309998)
INSERT Historical_Data ([Ticker], [Date], [Close]) Values ( 'INTU', '2022-07-14 00:00:00', 379.869995)
INSERT Historical_Data ([Ticker], [Date], [Close]) Values ( 'INTU', '2022-07-15 00:00:00', 392.959991)
INSERT Historical_Data ([Ticker], [Date], [Close]) Values ( 'INTU', '2022-07-18 00:00:00', 388.25)
INSERT Historical_Data ([Ticker], [Date], [Close]) Values ( 'INTU', '2022-07-19 00:00:00', 403.859985)
INSERT Historical_Data ([Ticker], [Date], [Close]) Values ( 'INTU', '2022-07-20 00:00:00', 420.450012)
INSERT Historical_Data ([Ticker], [Date], [Close]) Values ( 'INTU', '2022-07-21 00:00:00', 434.700012)
INSERT Historical_Data ([Ticker], [Date], [Close]) Values ( 'INTU', '2022-07-22 00:00:00', 434.73999)
INSERT Historical_Data ([Ticker], [Date], [Close]) Values ( 'INTU', '2022-07-25 00:00:00', 426.200012)
INSERT Historical_Data ([Ticker], [Date], [Close]) Values ( 'INTU', '2022-07-26 00:00:00', 414.220001)
INSERT Historical_Data ([Ticker], [Date], [Close]) Values ( 'INTU', '2022-07-27 00:00:00', 433.160004)
INSERT Historical_Data ([Ticker], [Date], [Close]) Values ( 'INTU', '2022-07-28 00:00:00', 448.589996)
INSERT Historical_Data ([Ticker], [Date], [Close]) Values ( 'INTU', '2022-07-29 00:00:00', 456.170013)
INSERT Historical_Data ([Ticker], [Date], [Close]) Values ( 'INTU', '2022-08-01 00:00:00', 448.459991)
INSERT Historical_Data ([Ticker], [Date], [Close]) Values ( 'INTU', '2022-08-02 00:00:00', 446.970001)
INSERT Historical_Data ([Ticker], [Date], [Close]) Values ( 'INTU', '2022-08-03 00:00:00', 465.75)
INSERT Historical_Data ([Ticker], [Date], [Close]) Values ( 'INTU', '2022-08-04 00:00:00', 466.299988)
INSERT Historical_Data ([Ticker], [Date], [Close]) Values ( 'INTU', '2022-08-05 00:00:00', 468.98999)
INSERT Historical_Data ([Ticker], [Date], [Close]) Values ( 'INTU', '2022-08-08 00:00:00', 466.76001)
INSERT Historical_Data ([Ticker], [Date], [Close]) Values ( 'INTU', '2022-08-09 00:00:00', 462.070007)
INSERT Historical_Data ([Ticker], [Date], [Close]) Values ( 'INTU', '2022-08-10 00:00:00', 478.089996)
INSERT Historical_Data ([Ticker], [Date], [Close]) Values ( 'INTU', '2022-08-11 00:00:00', 478.769989)
INSERT Historical_Data ([Ticker], [Date], [Close]) Values ( 'INTU', '2022-08-12 00:00:00', 486.660004)
INSERT Historical_Data ([Ticker], [Date], [Close]) Values ( 'INTU', '2022-08-15 00:00:00', 489.230011)
INSERT Historical_Data ([Ticker], [Date], [Close]) Values ( 'INTU', '2022-08-16 00:00:00', 488.179993)
INSERT Historical_Data ([Ticker], [Date], [Close]) Values ( 'INTU', '2022-08-17 00:00:00', 478.299988)
INSERT Historical_Data ([Ticker], [Date], [Close]) Values ( 'INTU', '2022-08-18 00:00:00', 477.76001)
INSERT Historical_Data ([Ticker], [Date], [Close]) Values ( 'INTU', '2022-08-19 00:00:00', 463.950012)
INSERT Historical_Data ([Ticker], [Date], [Close]) Values ( 'INTU', '2022-08-22 00:00:00', 446.119995)
INSERT Historical_Data ([Ticker], [Date], [Close]) Values ( 'INTU', '2022-08-23 00:00:00', 449.559998)
INSERT Historical_Data ([Ticker], [Date], [Close]) Values ( 'INTU', '2022-08-24 00:00:00', 465.769989)
INSERT Historical_Data ([Ticker], [Date], [Close]) Values ( 'INTU', '2022-08-25 00:00:00', 465.850006)
INSERT Historical_Data ([Ticker], [Date], [Close]) Values ( 'INTU', '2022-08-26 00:00:00', 448.459991)
INSERT Historical_Data ([Ticker], [Date], [Close]) Values ( 'INTU', '2022-08-29 00:00:00', 436.799988)
INSERT Historical_Data ([Ticker], [Date], [Close]) Values ( 'INTU', '2022-08-30 00:00:00', 433.200012)
INSERT Historical_Data ([Ticker], [Date], [Close]) Values ( 'INTU', '2022-08-31 00:00:00', 431.779999)
INSERT Historical_Data ([Ticker], [Date], [Close]) Values ( 'INTU', '2022-09-01 00:00:00', 425.5)
INSERT Historical_Data ([Ticker], [Date], [Close]) Values ( 'INTU', '2022-09-02 00:00:00', 420.059998)
INSERT Historical_Data ([Ticker], [Date], [Close]) Values ( 'INTU', '2022-09-06 00:00:00', 418.76001)
INSERT Historical_Data ([Ticker], [Date], [Close]) Values ( 'INTU', '2022-09-07 00:00:00', 435.290009)
INSERT Historical_Data ([Ticker], [Date], [Close]) Values ( 'INTU', '2022-09-08 00:00:00', 439.040009)
INSERT Historical_Data ([Ticker], [Date], [Close]) Values ( 'INTU', '2022-09-09 00:00:00', 450.029999)
INSERT Historical_Data ([Ticker], [Date], [Close]) Values ( 'INTU', '2022-09-12 00:00:00', 455.369995)
INSERT Historical_Data ([Ticker], [Date], [Close]) Values ( 'INTU', '2022-09-13 00:00:00', 429.309998)
INSERT Historical_Data ([Ticker], [Date], [Close]) Values ( 'INTU', '2022-09-14 00:00:00', 436.839996)
INSERT Historical_Data ([Ticker], [Date], [Close]) Values ( 'INTU', '2022-09-15 00:00:00', 422.119995)
INSERT Historical_Data ([Ticker], [Date], [Close]) Values ( 'INTU', '2022-09-16 00:00:00', 423)
INSERT Historical_Data ([Ticker], [Date], [Close]) Values ( 'INTU', '2022-09-19 00:00:00', 423.690002)
INSERT Historical_Data ([Ticker], [Date], [Close]) Values ( 'INTU', '2022-09-20 00:00:00', 417.820007)
INSERT Historical_Data ([Ticker], [Date], [Close]) Values ( 'INTU', '2022-09-21 00:00:00', 408.679993)
INSERT Historical_Data ([Ticker], [Date], [Close]) Values ( 'INTU', '2022-09-22 00:00:00', 396.709991)
INSERT Historical_Data ([Ticker], [Date], [Close]) Values ( 'INTU', '2022-09-23 00:00:00', 393.970001)
INSERT Historical_Data ([Ticker], [Date], [Close]) Values ( 'INTU', '2022-09-26 00:00:00', 395.799988)
INSERT Historical_Data ([Ticker], [Date], [Close]) Values ( 'INTU', '2022-09-27 00:00:00', 400.769989)
INSERT Historical_Data ([Ticker], [Date], [Close]) Values ( 'INTU', '2022-09-28 00:00:00', 409.290009)
INSERT Historical_Data ([Ticker], [Date], [Close]) Values ( 'INTU', '2022-09-29 00:00:00', 396.809998)
INSERT Historical_Data ([Ticker], [Date], [Close]) Values ( 'INTU', '2022-09-30 00:00:00', 387.320007)
INSERT Historical_Data ([Ticker], [Date], [Close]) Values ( 'INTU', '2022-10-03 00:00:00', 396.799988)
INSERT Historical_Data ([Ticker], [Date], [Close]) Values ( 'INTU', '2022-10-04 00:00:00', 412.01001)
INSERT Historical_Data ([Ticker], [Date], [Close]) Values ( 'INTU', '2022-10-05 00:00:00', 413.579987)
INSERT Historical_Data ([Ticker], [Date], [Close]) Values ( 'INTU', '2022-10-06 00:00:00', 411.320007)
INSERT Historical_Data ([Ticker], [Date], [Close]) Values ( 'INTU', '2022-10-07 00:00:00', 392.959991)
INSERT Historical_Data ([Ticker], [Date], [Close]) Values ( 'INTU', '2022-10-10 00:00:00', 387.640015)
INSERT Historical_Data ([Ticker], [Date], [Close]) Values ( 'INTU', '2022-10-11 00:00:00', 383.480011)
INSERT Historical_Data ([Ticker], [Date], [Close]) Values ( 'INTU', '2022-10-12 00:00:00', 388.059998)
INSERT Historical_Data ([Ticker], [Date], [Close]) Values ( 'INTU', '2022-10-13 00:00:00', 395.779999)
INSERT Historical_Data ([Ticker], [Date], [Close]) Values ( 'INTU', '2022-10-14 00:00:00', 380.109985)
INSERT Historical_Data ([Ticker], [Date], [Close]) Values ( 'INTU', '2022-10-17 00:00:00', 403.73999)
INSERT Historical_Data ([Ticker], [Date], [Close]) Values ( 'INTU', '2022-10-18 00:00:00', 408.649994)
INSERT Historical_Data ([Ticker], [Date], [Close]) Values ( 'INTU', '2022-10-19 00:00:00', 402.070007)
INSERT Historical_Data ([Ticker], [Date], [Close]) Values ( 'INTU', '2022-10-20 00:00:00', 401.149994)
INSERT Historical_Data ([Ticker], [Date], [Close]) Values ( 'INTU', '2022-10-21 00:00:00', 417.179993)
INSERT Historical_Data ([Ticker], [Date], [Close]) Values ( 'INTU', '2022-10-24 00:00:00', 417.76001)
INSERT Historical_Data ([Ticker], [Date], [Close]) Values ( 'INTU', '2022-10-25 00:00:00', 432.079987)
INSERT Historical_Data ([Ticker], [Date], [Close]) Values ( 'INTU', '2022-10-26 00:00:00', 424.390015)
INSERT Historical_Data ([Ticker], [Date], [Close]) Values ( 'INTU', '2022-10-27 00:00:00', 422)
INSERT Historical_Data ([Ticker], [Date], [Close]) Values ( 'INTU', '2022-10-28 00:00:00', 431.790009)
INSERT Historical_Data ([Ticker], [Date], [Close]) Values ( 'INTU', '2022-10-31 00:00:00', 427.5)
INSERT Historical_Data ([Ticker], [Date], [Close]) Values ( 'INTU', '2022-11-01 00:00:00', 394.769989)
INSERT Historical_Data ([Ticker], [Date], [Close]) Values ( 'INTU', '2022-11-02 00:00:00', 385.029999)
INSERT Historical_Data ([Ticker], [Date], [Close]) Values ( 'INTU', '2022-11-03 00:00:00', 364.98999)
INSERT Historical_Data ([Ticker], [Date], [Close]) Values ( 'INTU', '2022-11-04 00:00:00', 361.190002)
INSERT Historical_Data ([Ticker], [Date], [Close]) Values ( 'INTU', '2022-11-07 00:00:00', 370.109985)
INSERT Historical_Data ([Ticker], [Date], [Close]) Values ( 'INTU', '2022-11-08 00:00:00', 382.570007)
INSERT Historical_Data ([Ticker], [Date], [Close]) Values ( 'INTU', '2022-11-09 00:00:00', 368.549988)
INSERT Historical_Data ([Ticker], [Date], [Close]) Values ( 'INTU', '2022-11-10 00:00:00', 403.23999)
INSERT Historical_Data ([Ticker], [Date], [Close]) Values ( 'INTU', '2022-11-11 00:00:00', 408.040009)
INSERT Historical_Data ([Ticker], [Date], [Close]) Values ( 'INTU', '2022-11-14 00:00:00', 397.660004)
INSERT Historical_Data ([Ticker], [Date], [Close]) Values ( 'INTU', '2022-11-15 00:00:00', 407.019989)
INSERT Historical_Data ([Ticker], [Date], [Close]) Values ( 'INTU', '2022-11-16 00:00:00', 393.660004)
INSERT Historical_Data ([Ticker], [Date], [Close]) Values ( 'INTU', '2022-11-17 00:00:00', 381.880005)
INSERT Historical_Data ([Ticker], [Date], [Close]) Values ( 'INTU', '2022-11-18 00:00:00', 380.070007)
INSERT Historical_Data ([Ticker], [Date], [Close]) Values ( 'INTU', '2022-11-21 00:00:00', 375)
INSERT Historical_Data ([Ticker], [Date], [Close]) Values ( 'INTU', '2022-11-22 00:00:00', 392.230011)
INSERT Historical_Data ([Ticker], [Date], [Close]) Values ( 'INTU', '2022-11-23 00:00:00', 395.850006)
INSERT Historical_Data ([Ticker], [Date], [Close]) Values ( 'INTU', '2022-11-25 00:00:00', 392.470001)
INSERT Historical_Data ([Ticker], [Date], [Close]) Values ( 'INTU', '2022-11-28 00:00:00', 385.640015)
INSERT Historical_Data ([Ticker], [Date], [Close]) Values ( 'INTU', '2022-11-29 00:00:00', 379.709991)
INSERT Historical_Data ([Ticker], [Date], [Close]) Values ( 'INTU', '2022-11-30 00:00:00', 407.589996)
INSERT Historical_Data ([Ticker], [Date], [Close]) Values ( 'INTU', '2022-12-01 00:00:00', 416.070007)
INSERT Historical_Data ([Ticker], [Date], [Close]) Values ( 'INTU', '2022-12-02 00:00:00', 407.920013)
INSERT Historical_Data ([Ticker], [Date], [Close]) Values ( 'INTU', '2022-12-05 00:00:00', 395.140015)
INSERT Historical_Data ([Ticker], [Date], [Close]) Values ( 'INTU', '2022-12-06 00:00:00', 389.779999)
INSERT Historical_Data ([Ticker], [Date], [Close]) Values ( 'INTU', '2022-12-07 00:00:00', 388.649994)
INSERT Historical_Data ([Ticker], [Date], [Close]) Values ( 'INTU', '2022-12-08 00:00:00', 405.359985)
INSERT Historical_Data ([Ticker], [Date], [Close]) Values ( 'INTU', '2022-12-09 00:00:00', 399.829987)
INSERT Historical_Data ([Ticker], [Date], [Close]) Values ( 'INTU', '2022-12-12 00:00:00', 410.779999)
INSERT Historical_Data ([Ticker], [Date], [Close]) Values ( 'INTU', '2022-12-13 00:00:00', 428.390015)
INSERT Historical_Data ([Ticker], [Date], [Close]) Values ( 'INTU', '2022-12-14 00:00:00', 418.920013)
INSERT Historical_Data ([Ticker], [Date], [Close]) Values ( 'INTU', '2022-12-15 00:00:00', 396.529999)
INSERT Historical_Data ([Ticker], [Date], [Close]) Values ( 'INTU', '2022-12-16 00:00:00', 384.980011)
INSERT Historical_Data ([Ticker], [Date], [Close]) Values ( 'INTU', '2022-12-19 00:00:00', 383.519989)
INSERT Historical_Data ([Ticker], [Date], [Close]) Values ( 'INTU', '2022-12-20 00:00:00', 387.079987)
INSERT Historical_Data ([Ticker], [Date], [Close]) Values ( 'INTU', '2022-12-21 00:00:00', 393.329987)
INSERT Historical_Data ([Ticker], [Date], [Close]) Values ( 'INTU', '2022-12-22 00:00:00', 383.950012)
INSERT Historical_Data ([Ticker], [Date], [Close]) Values ( 'INTU', '2022-12-23 00:00:00', 384.48999)
INSERT Historical_Data ([Ticker], [Date], [Close]) Values ( 'INTU', '2022-12-27 00:00:00', 383.109985)
INSERT Historical_Data ([Ticker], [Date], [Close]) Values ( 'INTU', '2022-12-28 00:00:00', 376.5)
INSERT Historical_Data ([Ticker], [Date], [Close]) Values ( 'INTU', '2022-12-29 00:00:00', 390.869995)
INSERT Historical_Data ([Ticker], [Date], [Close]) Values ( 'INTU', '2022-12-30 00:00:00', 389.220001)
INSERT Historical_Data ([Ticker], [Date], [Close]) Values ( 'INTU', '2023-01-03 00:00:00', 391.179993)
INSERT Historical_Data ([Ticker], [Date], [Close]) Values ( 'INTU', '2023-01-04 00:00:00', 391.570007)
INSERT Historical_Data ([Ticker], [Date], [Close]) Values ( 'INTU', '2023-01-05 00:00:00', 375.619995)
INSERT Historical_Data ([Ticker], [Date], [Close]) Values ( 'INTU', '2023-01-06 00:00:00', 386.519989)
INSERT Historical_Data ([Ticker], [Date], [Close]) Values ( 'INTU', '2023-01-09 00:00:00', 395.339996)
INSERT Historical_Data ([Ticker], [Date], [Close]) Values ( 'INTU', '2023-01-10 00:00:00', 388.679993)
INSERT Historical_Data ([Ticker], [Date], [Close]) Values ( 'INTU', '2023-01-11 00:00:00', 395.309998)
INSERT Historical_Data ([Ticker], [Date], [Close]) Values ( 'INTU', '2023-01-12 00:00:00', 396.700012)
INSERT Historical_Data ([Ticker], [Date], [Close]) Values ( 'INTU', '2023-01-13 00:00:00', 393.209991)
INSERT Historical_Data ([Ticker], [Date], [Close]) Values ( 'INTU', '2023-01-17 00:00:00', 390.200012)
INSERT Historical_Data ([Ticker], [Date], [Close]) Values ( 'INTU', '2023-01-18 00:00:00', 386.070007)
INSERT Historical_Data ([Ticker], [Date], [Close]) Values ( 'INTU', '2023-01-19 00:00:00', 378.600006)
INSERT Historical_Data ([Ticker], [Date], [Close]) Values ( 'INTU', '2023-01-20 00:00:00', 398.070007)
INSERT Historical_Data ([Ticker], [Date], [Close]) Values ( 'INTU', '2023-01-23 00:00:00', 410)
INSERT Historical_Data ([Ticker], [Date], [Close]) Values ( 'INTU', '2023-01-24 00:00:00', 401.549988)
INSERT Historical_Data ([Ticker], [Date], [Close]) Values ( 'INTU', '2023-01-25 00:00:00', 401.899994)
INSERT Historical_Data ([Ticker], [Date], [Close]) Values ( 'INTU', '2023-01-26 00:00:00', 412.549988)
INSERT Historical_Data ([Ticker], [Date], [Close]) Values ( 'INTU', '2023-01-27 00:00:00', 422.619995)
INSERT Historical_Data ([Ticker], [Date], [Close]) Values ( 'INTU', '2023-01-30 00:00:00', 416.450012)
INSERT Historical_Data ([Ticker], [Date], [Close]) Values ( 'INTU', '2023-01-31 00:00:00', 422.670013)
INSERT Historical_Data ([Ticker], [Date], [Close]) Values ( 'INTU', '2023-02-01 00:00:00', 435.549988)
INSERT Historical_Data ([Ticker], [Date], [Close]) Values ( 'INTU', '2023-02-02 00:00:00', 452.160004)
INSERT Historical_Data ([Ticker], [Date], [Close]) Values ( 'INTU', '2023-02-03 00:00:00', 423.76001)
INSERT Historical_Data ([Ticker], [Date], [Close]) Values ( 'INTU', '2023-02-06 00:00:00', 414.98999)
INSERT Historical_Data ([Ticker], [Date], [Close]) Values ( 'INTU', '2023-02-07 00:00:00', 427.670013)
INSERT Historical_Data ([Ticker], [Date], [Close]) Values ( 'INTU', '2023-02-08 00:00:00', 421.73999)
INSERT Historical_Data ([Ticker], [Date], [Close]) Values ( 'INTU', '2023-02-09 00:00:00', 419.73999)
INSERT Historical_Data ([Ticker], [Date], [Close]) Values ( 'INTU', '2023-02-10 00:00:00', 413.519989)
INSERT Historical_Data ([Ticker], [Date], [Close]) Values ( 'INTU', '2023-02-13 00:00:00', 418.089996)
INSERT Historical_Data ([Ticker], [Date], [Close]) Values ( 'INTU', '2023-02-14 00:00:00', 421.970001)
INSERT Historical_Data ([Ticker], [Date], [Close]) Values ( 'INTU', '2023-02-15 00:00:00', 421.23999)
INSERT Historical_Data ([Ticker], [Date], [Close]) Values ( 'INTU', '2023-02-16 00:00:00', 408.359985)
INSERT Historical_Data ([Ticker], [Date], [Close]) Values ( 'INTU', '2023-02-17 00:00:00', 404.380005)
INSERT Historical_Data ([Ticker], [Date], [Close]) Values ( 'INTU', '2023-02-21 00:00:00', 396.26001)
INSERT Historical_Data ([Ticker], [Date], [Close]) Values ( 'INTU', '2023-02-22 00:00:00', 406.380005)
INSERT Historical_Data ([Ticker], [Date], [Close]) Values ( 'INTU', '2023-02-23 00:00:00', 411.880005)
INSERT Historical_Data ([Ticker], [Date], [Close]) Values ( 'INTU', '2023-02-24 00:00:00', 419.809998)
INSERT Historical_Data ([Ticker], [Date], [Close]) Values ( 'INTU', '2023-02-27 00:00:00', 412.619995)
INSERT Historical_Data ([Ticker], [Date], [Close]) Values ( 'INTU', '2023-02-28 00:00:00', 407.179993)
INSERT Historical_Data ([Ticker], [Date], [Close]) Values ( 'INTU', '2023-03-01 00:00:00', 401.269989)
INSERT Historical_Data ([Ticker], [Date], [Close]) Values ( 'INTU', '2023-03-02 00:00:00', 400.369995)
INSERT Historical_Data ([Ticker], [Date], [Close]) Values ( 'INTU', '2023-03-03 00:00:00', 408.519989)
INSERT Historical_Data ([Ticker], [Date], [Close]) Values ( 'INTU', '2023-03-06 00:00:00', 412.709991)
INSERT Historical_Data ([Ticker], [Date], [Close]) Values ( 'INTU', '2023-03-07 00:00:00', 409.290009)
INSERT Historical_Data ([Ticker], [Date], [Close]) Values ( 'INTU', '2023-03-08 00:00:00', 416.670013)
INSERT Historical_Data ([Ticker], [Date], [Close]) Values ( 'INTU', '2023-03-09 00:00:00', 404.579987)
INSERT Historical_Data ([Ticker], [Date], [Close]) Values ( 'INTU', '2023-03-10 00:00:00', 392.609985)
INSERT Historical_Data ([Ticker], [Date], [Close]) Values ( 'INTU', '2023-03-13 00:00:00', 391.559998)
INSERT Historical_Data ([Ticker], [Date], [Close]) Values ( 'INTU', '2023-03-14 00:00:00', 408.299988)
INSERT Historical_Data ([Ticker], [Date], [Close]) Values ( 'INTU', '2023-03-15 00:00:00', 406.320007)
INSERT Historical_Data ([Ticker], [Date], [Close]) Values ( 'INTU', '2023-03-16 00:00:00', 418.149994)
INSERT Historical_Data ([Ticker], [Date], [Close]) Values ( 'INTU', '2023-03-17 00:00:00', 413.690002)
INSERT Historical_Data ([Ticker], [Date], [Close]) Values ( 'INTU', '2023-03-20 00:00:00', 411.839996)
INSERT Historical_Data ([Ticker], [Date], [Close]) Values ( 'INTU', '2023-03-21 00:00:00', 422.029999)
INSERT Historical_Data ([Ticker], [Date], [Close]) Values ( 'INTU', '2023-03-22 00:00:00', 414.209991)
INSERT Historical_Data ([Ticker], [Date], [Close]) Values ( 'INTU', '2023-03-23 00:00:00', 432.48999)
INSERT Historical_Data ([Ticker], [Date], [Close]) Values ( 'INTU', '2023-03-24 00:00:00', 429.570007)
INSERT Historical_Data ([Ticker], [Date], [Close]) Values ( 'INTU', '2023-03-27 00:00:00', 426.940002)
INSERT Historical_Data ([Ticker], [Date], [Close]) Values ( 'INTU', '2023-03-28 00:00:00', 419.329987)
INSERT Historical_Data ([Ticker], [Date], [Close]) Values ( 'INTU', '2023-03-29 00:00:00', 433.290009)
INSERT Historical_Data ([Ticker], [Date], [Close]) Values ( 'INTU', '2023-03-30 00:00:00', 440.089996)
INSERT Historical_Data ([Ticker], [Date], [Close]) Values ( 'INTU', '2023-03-31 00:00:00', 445.829987)
INSERT Historical_Data ([Ticker], [Date], [Close]) Values ( 'INTU', '2023-04-03 00:00:00', 440.670013)
INSERT Historical_Data ([Ticker], [Date], [Close]) Values ( 'INTU', '2023-04-04 00:00:00', 439.809998)
INSERT Historical_Data ([Ticker], [Date], [Close]) Values ( 'INTU', '2023-04-05 00:00:00', 439.149994)
INSERT Historical_Data ([Ticker], [Date], [Close]) Values ( 'INTU', '2023-04-06 00:00:00', 446.76001)
INSERT Historical_Data ([Ticker], [Date], [Close]) Values ( 'INTU', '2023-04-10 00:00:00', 444.720001)
INSERT Historical_Data ([Ticker], [Date], [Close]) Values ( 'INTU', '2023-04-11 00:00:00', 437.5)
INSERT Historical_Data ([Ticker], [Date], [Close]) Values ( 'INTU', '2023-04-12 00:00:00', 435.089996)
INSERT Historical_Data ([Ticker], [Date], [Close]) Values ( 'INTU', '2023-04-13 00:00:00', 441.809998)
INSERT Historical_Data ([Ticker], [Date], [Close]) Values ( 'INTU', '2023-04-14 00:00:00', 441.619995)
INSERT Historical_Data ([Ticker], [Date], [Close]) Values ( 'INTU', '2023-04-17 00:00:00', 440.089996)
INSERT Historical_Data ([Ticker], [Date], [Close]) Values ( 'INTU', '2023-04-18 00:00:00', 442.589996)
INSERT Historical_Data ([Ticker], [Date], [Close]) Values ( 'INTU', '2023-04-19 00:00:00', 445.48999)
INSERT Historical_Data ([Ticker], [Date], [Close]) Values ( 'INTU', '2023-04-20 00:00:00', 447.399994)
INSERT Historical_Data ([Ticker], [Date], [Close]) Values ( 'INTU', '2023-04-21 00:00:00', 446.399994)
INSERT Historical_Data ([Ticker], [Date], [Close]) Values ( 'INTU', '2023-04-24 00:00:00', 442.320007)
INSERT Historical_Data ([Ticker], [Date], [Close]) Values ( 'INTU', '2023-04-25 00:00:00', 419.829987)
INSERT Historical_Data ([Ticker], [Date], [Close]) Values ( 'INTU', '2023-04-26 00:00:00', 413.700012)
INSERT Historical_Data ([Ticker], [Date], [Close]) Values ( 'INTU', '2023-04-27 00:00:00', 429.160004)
INSERT Historical_Data ([Ticker], [Date], [Close]) Values ( 'INTU', '2023-04-28 00:00:00', 443.950012)
INSERT Historical_Data ([Ticker], [Date], [Close]) Values ( 'INTU', '2023-05-01 00:00:00', 442.51001)
INSERT Historical_Data ([Ticker], [Date], [Close]) Values ( 'INTU', '2023-05-02 00:00:00', 436.459991)
INSERT Historical_Data ([Ticker], [Date], [Close]) Values ( 'INTU', '2023-05-03 00:00:00', 429.649994)
INSERT Historical_Data ([Ticker], [Date], [Close]) Values ( 'INTU', '2023-05-04 00:00:00', 422.450012)
INSERT Historical_Data ([Ticker], [Date], [Close]) Values ( 'INTU', '2023-05-05 00:00:00', 425.950012)
INSERT Historical_Data ([Ticker], [Date], [Close]) Values ( 'INTU', '2023-05-08 00:00:00', 426.890015)
INSERT Historical_Data ([Ticker], [Date], [Close]) Values ( 'INTU', '2023-05-09 00:00:00', 427.679993)
INSERT Historical_Data ([Ticker], [Date], [Close]) Values ( 'INTU', '2023-05-10 00:00:00', 431.519989)
INSERT Historical_Data ([Ticker], [Date], [Close]) Values ( 'INTU', '2023-05-11 00:00:00', 424.890015)
INSERT Historical_Data ([Ticker], [Date], [Close]) Values ( 'INTU', '2023-05-12 00:00:00', 427.619995)
INSERT Historical_Data ([Ticker], [Date], [Close]) Values ( 'INTU', '2023-05-15 00:00:00', 426.209991)
INSERT Historical_Data ([Ticker], [Date], [Close]) Values ( 'INTU', '2023-05-16 00:00:00', 421.410004)
INSERT Historical_Data ([Ticker], [Date], [Close]) Values ( 'INTU', '2023-05-17 00:00:00', 431.859985)
INSERT Historical_Data ([Ticker], [Date], [Close]) Values ( 'INTU', '2023-05-18 00:00:00', 448.709991)

-----------------------
-- SGEN = Seagen Inc --
-----------------------

INSERT Historical_Data ([Ticker], [Date], [Close]) Values ( 'SGEN', '2022-05-18 00:00:00', 143)
INSERT Historical_Data ([Ticker], [Date], [Close]) Values ( 'SGEN', '2022-05-19 00:00:00', 142.630005)
INSERT Historical_Data ([Ticker], [Date], [Close]) Values ( 'SGEN', '2022-05-20 00:00:00', 139.639999)
INSERT Historical_Data ([Ticker], [Date], [Close]) Values ( 'SGEN', '2022-05-23 00:00:00', 139.339996)
INSERT Historical_Data ([Ticker], [Date], [Close]) Values ( 'SGEN', '2022-05-24 00:00:00', 133.470001)
INSERT Historical_Data ([Ticker], [Date], [Close]) Values ( 'SGEN', '2022-05-25 00:00:00', 136.470001)
INSERT Historical_Data ([Ticker], [Date], [Close]) Values ( 'SGEN', '2022-05-26 00:00:00', 138.460007)
INSERT Historical_Data ([Ticker], [Date], [Close]) Values ( 'SGEN', '2022-05-27 00:00:00', 141.389999)
INSERT Historical_Data ([Ticker], [Date], [Close]) Values ( 'SGEN', '2022-05-31 00:00:00', 135.679993)
INSERT Historical_Data ([Ticker], [Date], [Close]) Values ( 'SGEN', '2022-06-01 00:00:00', 134.160004)
INSERT Historical_Data ([Ticker], [Date], [Close]) Values ( 'SGEN', '2022-06-02 00:00:00', 135.199997)
INSERT Historical_Data ([Ticker], [Date], [Close]) Values ( 'SGEN', '2022-06-03 00:00:00', 139.940002)
INSERT Historical_Data ([Ticker], [Date], [Close]) Values ( 'SGEN', '2022-06-06 00:00:00', 142.520004)
INSERT Historical_Data ([Ticker], [Date], [Close]) Values ( 'SGEN', '2022-06-07 00:00:00', 144.360001)
INSERT Historical_Data ([Ticker], [Date], [Close]) Values ( 'SGEN', '2022-06-08 00:00:00', 144.289993)
INSERT Historical_Data ([Ticker], [Date], [Close]) Values ( 'SGEN', '2022-06-09 00:00:00', 141.75)
INSERT Historical_Data ([Ticker], [Date], [Close]) Values ( 'SGEN', '2022-06-10 00:00:00', 139.399994)
INSERT Historical_Data ([Ticker], [Date], [Close]) Values ( 'SGEN', '2022-06-13 00:00:00', 139.600006)
INSERT Historical_Data ([Ticker], [Date], [Close]) Values ( 'SGEN', '2022-06-14 00:00:00', 144.639999)
INSERT Historical_Data ([Ticker], [Date], [Close]) Values ( 'SGEN', '2022-06-15 00:00:00', 147.240005)
INSERT Historical_Data ([Ticker], [Date], [Close]) Values ( 'SGEN', '2022-06-16 00:00:00', 146.779999)
INSERT Historical_Data ([Ticker], [Date], [Close]) Values ( 'SGEN', '2022-06-17 00:00:00', 165.449997)
INSERT Historical_Data ([Ticker], [Date], [Close]) Values ( 'SGEN', '2022-06-21 00:00:00', 170.009995)
INSERT Historical_Data ([Ticker], [Date], [Close]) Values ( 'SGEN', '2022-06-22 00:00:00', 169.660004)
INSERT Historical_Data ([Ticker], [Date], [Close]) Values ( 'SGEN', '2022-06-23 00:00:00', 174)
INSERT Historical_Data ([Ticker], [Date], [Close]) Values ( 'SGEN', '2022-06-24 00:00:00', 179.330002)
INSERT Historical_Data ([Ticker], [Date], [Close]) Values ( 'SGEN', '2022-06-27 00:00:00', 177.729996)
INSERT Historical_Data ([Ticker], [Date], [Close]) Values ( 'SGEN', '2022-06-28 00:00:00', 178.470001)
INSERT Historical_Data ([Ticker], [Date], [Close]) Values ( 'SGEN', '2022-06-29 00:00:00', 179.059998)
INSERT Historical_Data ([Ticker], [Date], [Close]) Values ( 'SGEN', '2022-06-30 00:00:00', 176.940002)
INSERT Historical_Data ([Ticker], [Date], [Close]) Values ( 'SGEN', '2022-07-01 00:00:00', 180.110001)
INSERT Historical_Data ([Ticker], [Date], [Close]) Values ( 'SGEN', '2022-07-05 00:00:00', 176.770004)
INSERT Historical_Data ([Ticker], [Date], [Close]) Values ( 'SGEN', '2022-07-06 00:00:00', 175.130005)
INSERT Historical_Data ([Ticker], [Date], [Close]) Values ( 'SGEN', '2022-07-07 00:00:00', 177.949997)
INSERT Historical_Data ([Ticker], [Date], [Close]) Values ( 'SGEN', '2022-07-08 00:00:00', 177.449997)
INSERT Historical_Data ([Ticker], [Date], [Close]) Values ( 'SGEN', '2022-07-11 00:00:00', 177.309998)
INSERT Historical_Data ([Ticker], [Date], [Close]) Values ( 'SGEN', '2022-07-12 00:00:00', 179)
INSERT Historical_Data ([Ticker], [Date], [Close]) Values ( 'SGEN', '2022-07-13 00:00:00', 177.440002)
INSERT Historical_Data ([Ticker], [Date], [Close]) Values ( 'SGEN', '2022-07-14 00:00:00', 176.190002)
INSERT Historical_Data ([Ticker], [Date], [Close]) Values ( 'SGEN', '2022-07-15 00:00:00', 178.710007)
INSERT Historical_Data ([Ticker], [Date], [Close]) Values ( 'SGEN', '2022-07-18 00:00:00', 168.470001)
INSERT Historical_Data ([Ticker], [Date], [Close]) Values ( 'SGEN', '2022-07-19 00:00:00', 172.830002)
INSERT Historical_Data ([Ticker], [Date], [Close]) Values ( 'SGEN', '2022-07-20 00:00:00', 172.619995)
INSERT Historical_Data ([Ticker], [Date], [Close]) Values ( 'SGEN', '2022-07-21 00:00:00', 173.160004)
INSERT Historical_Data ([Ticker], [Date], [Close]) Values ( 'SGEN', '2022-07-22 00:00:00', 171.619995)
INSERT Historical_Data ([Ticker], [Date], [Close]) Values ( 'SGEN', '2022-07-25 00:00:00', 172.839996)
INSERT Historical_Data ([Ticker], [Date], [Close]) Values ( 'SGEN', '2022-07-26 00:00:00', 177.509995)
INSERT Historical_Data ([Ticker], [Date], [Close]) Values ( 'SGEN', '2022-07-27 00:00:00', 176.800003)
INSERT Historical_Data ([Ticker], [Date], [Close]) Values ( 'SGEN', '2022-07-28 00:00:00', 177.429993)
INSERT Historical_Data ([Ticker], [Date], [Close]) Values ( 'SGEN', '2022-07-29 00:00:00', 179.979996)
INSERT Historical_Data ([Ticker], [Date], [Close]) Values ( 'SGEN', '2022-08-01 00:00:00', 175.470001)
INSERT Historical_Data ([Ticker], [Date], [Close]) Values ( 'SGEN', '2022-08-02 00:00:00', 176.720001)
INSERT Historical_Data ([Ticker], [Date], [Close]) Values ( 'SGEN', '2022-08-03 00:00:00', 174.990005)
INSERT Historical_Data ([Ticker], [Date], [Close]) Values ( 'SGEN', '2022-08-04 00:00:00', 175.860001)
INSERT Historical_Data ([Ticker], [Date], [Close]) Values ( 'SGEN', '2022-08-05 00:00:00', 175.809998)
INSERT Historical_Data ([Ticker], [Date], [Close]) Values ( 'SGEN', '2022-08-08 00:00:00', 178.330002)
INSERT Historical_Data ([Ticker], [Date], [Close]) Values ( 'SGEN', '2022-08-09 00:00:00', 175.600006)
INSERT Historical_Data ([Ticker], [Date], [Close]) Values ( 'SGEN', '2022-08-10 00:00:00', 175.649994)
INSERT Historical_Data ([Ticker], [Date], [Close]) Values ( 'SGEN', '2022-08-11 00:00:00', 174.039993)
INSERT Historical_Data ([Ticker], [Date], [Close]) Values ( 'SGEN', '2022-08-12 00:00:00', 170.139999)
INSERT Historical_Data ([Ticker], [Date], [Close]) Values ( 'SGEN', '2022-08-15 00:00:00', 168.529999)
INSERT Historical_Data ([Ticker], [Date], [Close]) Values ( 'SGEN', '2022-08-16 00:00:00', 170.520004)
INSERT Historical_Data ([Ticker], [Date], [Close]) Values ( 'SGEN', '2022-08-17 00:00:00', 170.789993)
INSERT Historical_Data ([Ticker], [Date], [Close]) Values ( 'SGEN', '2022-08-18 00:00:00', 169.089996)
INSERT Historical_Data ([Ticker], [Date], [Close]) Values ( 'SGEN', '2022-08-19 00:00:00', 171.669998)
INSERT Historical_Data ([Ticker], [Date], [Close]) Values ( 'SGEN', '2022-08-22 00:00:00', 166.360001)
INSERT Historical_Data ([Ticker], [Date], [Close]) Values ( 'SGEN', '2022-08-23 00:00:00', 163.559998)
INSERT Historical_Data ([Ticker], [Date], [Close]) Values ( 'SGEN', '2022-08-24 00:00:00', 164.119995)
INSERT Historical_Data ([Ticker], [Date], [Close]) Values ( 'SGEN', '2022-08-25 00:00:00', 164.369995)
INSERT Historical_Data ([Ticker], [Date], [Close]) Values ( 'SGEN', '2022-08-26 00:00:00', 155.009995)
INSERT Historical_Data ([Ticker], [Date], [Close]) Values ( 'SGEN', '2022-08-29 00:00:00', 157.369995)
INSERT Historical_Data ([Ticker], [Date], [Close]) Values ( 'SGEN', '2022-08-30 00:00:00', 155.710007)
INSERT Historical_Data ([Ticker], [Date], [Close]) Values ( 'SGEN', '2022-08-31 00:00:00', 154.289993)
INSERT Historical_Data ([Ticker], [Date], [Close]) Values ( 'SGEN', '2022-09-01 00:00:00', 155.960007)
INSERT Historical_Data ([Ticker], [Date], [Close]) Values ( 'SGEN', '2022-09-02 00:00:00', 152.339996)
INSERT Historical_Data ([Ticker], [Date], [Close]) Values ( 'SGEN', '2022-09-06 00:00:00', 149.020004)
INSERT Historical_Data ([Ticker], [Date], [Close]) Values ( 'SGEN', '2022-09-07 00:00:00', 152.429993)
INSERT Historical_Data ([Ticker], [Date], [Close]) Values ( 'SGEN', '2022-09-08 00:00:00', 152.639999)
INSERT Historical_Data ([Ticker], [Date], [Close]) Values ( 'SGEN', '2022-09-09 00:00:00', 155.470001)
INSERT Historical_Data ([Ticker], [Date], [Close]) Values ( 'SGEN', '2022-09-12 00:00:00', 150.100006)
INSERT Historical_Data ([Ticker], [Date], [Close]) Values ( 'SGEN', '2022-09-13 00:00:00', 144.429993)
INSERT Historical_Data ([Ticker], [Date], [Close]) Values ( 'SGEN', '2022-09-14 00:00:00', 143.669998)
INSERT Historical_Data ([Ticker], [Date], [Close]) Values ( 'SGEN', '2022-09-15 00:00:00', 141.309998)
INSERT Historical_Data ([Ticker], [Date], [Close]) Values ( 'SGEN', '2022-09-16 00:00:00', 142.029999)
INSERT Historical_Data ([Ticker], [Date], [Close]) Values ( 'SGEN', '2022-09-19 00:00:00', 139.419998)
INSERT Historical_Data ([Ticker], [Date], [Close]) Values ( 'SGEN', '2022-09-20 00:00:00', 141.990005)
INSERT Historical_Data ([Ticker], [Date], [Close]) Values ( 'SGEN', '2022-09-21 00:00:00', 141.550003)
INSERT Historical_Data ([Ticker], [Date], [Close]) Values ( 'SGEN', '2022-09-22 00:00:00', 140.550003)
INSERT Historical_Data ([Ticker], [Date], [Close]) Values ( 'SGEN', '2022-09-23 00:00:00', 139.199997)
INSERT Historical_Data ([Ticker], [Date], [Close]) Values ( 'SGEN', '2022-09-26 00:00:00', 135.270004)
INSERT Historical_Data ([Ticker], [Date], [Close]) Values ( 'SGEN', '2022-09-27 00:00:00', 135.350006)
INSERT Historical_Data ([Ticker], [Date], [Close]) Values ( 'SGEN', '2022-09-28 00:00:00', 137.720001)
INSERT Historical_Data ([Ticker], [Date], [Close]) Values ( 'SGEN', '2022-09-29 00:00:00', 135.699997)
INSERT Historical_Data ([Ticker], [Date], [Close]) Values ( 'SGEN', '2022-09-30 00:00:00', 136.830002)
INSERT Historical_Data ([Ticker], [Date], [Close]) Values ( 'SGEN', '2022-10-03 00:00:00', 137.699997)
INSERT Historical_Data ([Ticker], [Date], [Close]) Values ( 'SGEN', '2022-10-04 00:00:00', 139.169998)
INSERT Historical_Data ([Ticker], [Date], [Close]) Values ( 'SGEN', '2022-10-05 00:00:00', 136.869995)
INSERT Historical_Data ([Ticker], [Date], [Close]) Values ( 'SGEN', '2022-10-06 00:00:00', 136.279999)
INSERT Historical_Data ([Ticker], [Date], [Close]) Values ( 'SGEN', '2022-10-07 00:00:00', 131.259995)
INSERT Historical_Data ([Ticker], [Date], [Close]) Values ( 'SGEN', '2022-10-10 00:00:00', 130.949997)
INSERT Historical_Data ([Ticker], [Date], [Close]) Values ( 'SGEN', '2022-10-11 00:00:00', 133.179993)
INSERT Historical_Data ([Ticker], [Date], [Close]) Values ( 'SGEN', '2022-10-12 00:00:00', 133.289993)
INSERT Historical_Data ([Ticker], [Date], [Close]) Values ( 'SGEN', '2022-10-13 00:00:00', 133.529999)
INSERT Historical_Data ([Ticker], [Date], [Close]) Values ( 'SGEN', '2022-10-14 00:00:00', 133.399994)
INSERT Historical_Data ([Ticker], [Date], [Close]) Values ( 'SGEN', '2022-10-17 00:00:00', 135.990005)
INSERT Historical_Data ([Ticker], [Date], [Close]) Values ( 'SGEN', '2022-10-18 00:00:00', 134.839996)
INSERT Historical_Data ([Ticker], [Date], [Close]) Values ( 'SGEN', '2022-10-19 00:00:00', 129.830002)
INSERT Historical_Data ([Ticker], [Date], [Close]) Values ( 'SGEN', '2022-10-20 00:00:00', 126.699997)
INSERT Historical_Data ([Ticker], [Date], [Close]) Values ( 'SGEN', '2022-10-21 00:00:00', 128.839996)
INSERT Historical_Data ([Ticker], [Date], [Close]) Values ( 'SGEN', '2022-10-24 00:00:00', 129.059998)
INSERT Historical_Data ([Ticker], [Date], [Close]) Values ( 'SGEN', '2022-10-25 00:00:00', 128.770004)
INSERT Historical_Data ([Ticker], [Date], [Close]) Values ( 'SGEN', '2022-10-26 00:00:00', 129.460007)
INSERT Historical_Data ([Ticker], [Date], [Close]) Values ( 'SGEN', '2022-10-27 00:00:00', 131.25)
INSERT Historical_Data ([Ticker], [Date], [Close]) Values ( 'SGEN', '2022-10-28 00:00:00', 129.690002)
INSERT Historical_Data ([Ticker], [Date], [Close]) Values ( 'SGEN', '2022-10-31 00:00:00', 127.160004)
INSERT Historical_Data ([Ticker], [Date], [Close]) Values ( 'SGEN', '2022-11-01 00:00:00', 126.690002)
INSERT Historical_Data ([Ticker], [Date], [Close]) Values ( 'SGEN', '2022-11-02 00:00:00', 129.100006)
INSERT Historical_Data ([Ticker], [Date], [Close]) Values ( 'SGEN', '2022-11-03 00:00:00', 127.800003)
INSERT Historical_Data ([Ticker], [Date], [Close]) Values ( 'SGEN', '2022-11-04 00:00:00', 127.220001)
INSERT Historical_Data ([Ticker], [Date], [Close]) Values ( 'SGEN', '2022-11-07 00:00:00', 129.789993)
INSERT Historical_Data ([Ticker], [Date], [Close]) Values ( 'SGEN', '2022-11-08 00:00:00', 131.539993)
INSERT Historical_Data ([Ticker], [Date], [Close]) Values ( 'SGEN', '2022-11-09 00:00:00', 137.960007)
INSERT Historical_Data ([Ticker], [Date], [Close]) Values ( 'SGEN', '2022-11-10 00:00:00', 131.059998)
INSERT Historical_Data ([Ticker], [Date], [Close]) Values ( 'SGEN', '2022-11-11 00:00:00', 132.910004)
INSERT Historical_Data ([Ticker], [Date], [Close]) Values ( 'SGEN', '2022-11-14 00:00:00', 130.949997)
INSERT Historical_Data ([Ticker], [Date], [Close]) Values ( 'SGEN', '2022-11-15 00:00:00', 133.740005)
INSERT Historical_Data ([Ticker], [Date], [Close]) Values ( 'SGEN', '2022-11-16 00:00:00', 131.559998)
INSERT Historical_Data ([Ticker], [Date], [Close]) Values ( 'SGEN', '2022-11-17 00:00:00', 131.529999)
INSERT Historical_Data ([Ticker], [Date], [Close]) Values ( 'SGEN', '2022-11-18 00:00:00', 131.759995)
INSERT Historical_Data ([Ticker], [Date], [Close]) Values ( 'SGEN', '2022-11-21 00:00:00', 123.480003)
INSERT Historical_Data ([Ticker], [Date], [Close]) Values ( 'SGEN', '2022-11-22 00:00:00', 124.529999)
INSERT Historical_Data ([Ticker], [Date], [Close]) Values ( 'SGEN', '2022-11-23 00:00:00', 123.959999)
INSERT Historical_Data ([Ticker], [Date], [Close]) Values ( 'SGEN', '2022-11-25 00:00:00', 123.440002)
INSERT Historical_Data ([Ticker], [Date], [Close]) Values ( 'SGEN', '2022-11-28 00:00:00', 121.220001)
INSERT Historical_Data ([Ticker], [Date], [Close]) Values ( 'SGEN', '2022-11-29 00:00:00', 117.370003)
INSERT Historical_Data ([Ticker], [Date], [Close]) Values ( 'SGEN', '2022-11-30 00:00:00', 121.389999)
INSERT Historical_Data ([Ticker], [Date], [Close]) Values ( 'SGEN', '2022-12-01 00:00:00', 121.019997)
INSERT Historical_Data ([Ticker], [Date], [Close]) Values ( 'SGEN', '2022-12-02 00:00:00', 122.410004)
INSERT Historical_Data ([Ticker], [Date], [Close]) Values ( 'SGEN', '2022-12-05 00:00:00', 121.220001)
INSERT Historical_Data ([Ticker], [Date], [Close]) Values ( 'SGEN', '2022-12-06 00:00:00', 117.910004)
INSERT Historical_Data ([Ticker], [Date], [Close]) Values ( 'SGEN', '2022-12-07 00:00:00', 119.360001)
INSERT Historical_Data ([Ticker], [Date], [Close]) Values ( 'SGEN', '2022-12-08 00:00:00', 125.239998)
INSERT Historical_Data ([Ticker], [Date], [Close]) Values ( 'SGEN', '2022-12-09 00:00:00', 124)
INSERT Historical_Data ([Ticker], [Date], [Close]) Values ( 'SGEN', '2022-12-12 00:00:00', 131.839996)
INSERT Historical_Data ([Ticker], [Date], [Close]) Values ( 'SGEN', '2022-12-13 00:00:00', 134.059998)
INSERT Historical_Data ([Ticker], [Date], [Close]) Values ( 'SGEN', '2022-12-14 00:00:00', 132.050003)
INSERT Historical_Data ([Ticker], [Date], [Close]) Values ( 'SGEN', '2022-12-15 00:00:00', 128.410004)
INSERT Historical_Data ([Ticker], [Date], [Close]) Values ( 'SGEN', '2022-12-16 00:00:00', 129.610001)
INSERT Historical_Data ([Ticker], [Date], [Close]) Values ( 'SGEN', '2022-12-19 00:00:00', 127.629997)
INSERT Historical_Data ([Ticker], [Date], [Close]) Values ( 'SGEN', '2022-12-20 00:00:00', 133.020004)
INSERT Historical_Data ([Ticker], [Date], [Close]) Values ( 'SGEN', '2022-12-21 00:00:00', 132.320007)
INSERT Historical_Data ([Ticker], [Date], [Close]) Values ( 'SGEN', '2022-12-22 00:00:00', 130.360001)
INSERT Historical_Data ([Ticker], [Date], [Close]) Values ( 'SGEN', '2022-12-23 00:00:00', 127.019997)
INSERT Historical_Data ([Ticker], [Date], [Close]) Values ( 'SGEN', '2022-12-27 00:00:00', 125.010002)
INSERT Historical_Data ([Ticker], [Date], [Close]) Values ( 'SGEN', '2022-12-28 00:00:00', 125.139999)
INSERT Historical_Data ([Ticker], [Date], [Close]) Values ( 'SGEN', '2022-12-29 00:00:00', 128.369995)
INSERT Historical_Data ([Ticker], [Date], [Close]) Values ( 'SGEN', '2022-12-30 00:00:00', 128.509995)
INSERT Historical_Data ([Ticker], [Date], [Close]) Values ( 'SGEN', '2023-01-03 00:00:00', 128.699997)
INSERT Historical_Data ([Ticker], [Date], [Close]) Values ( 'SGEN', '2023-01-04 00:00:00', 134.899994)
INSERT Historical_Data ([Ticker], [Date], [Close]) Values ( 'SGEN', '2023-01-05 00:00:00', 135.899994)
INSERT Historical_Data ([Ticker], [Date], [Close]) Values ( 'SGEN', '2023-01-06 00:00:00', 136.169998)
INSERT Historical_Data ([Ticker], [Date], [Close]) Values ( 'SGEN', '2023-01-09 00:00:00', 127.589996)
INSERT Historical_Data ([Ticker], [Date], [Close]) Values ( 'SGEN', '2023-01-10 00:00:00', 132.5)
INSERT Historical_Data ([Ticker], [Date], [Close]) Values ( 'SGEN', '2023-01-11 00:00:00', 131.979996)
INSERT Historical_Data ([Ticker], [Date], [Close]) Values ( 'SGEN', '2023-01-12 00:00:00', 132.039993)
INSERT Historical_Data ([Ticker], [Date], [Close]) Values ( 'SGEN', '2023-01-13 00:00:00', 132.119995)
INSERT Historical_Data ([Ticker], [Date], [Close]) Values ( 'SGEN', '2023-01-17 00:00:00', 129.860001)
INSERT Historical_Data ([Ticker], [Date], [Close]) Values ( 'SGEN', '2023-01-18 00:00:00', 130.490005)
INSERT Historical_Data ([Ticker], [Date], [Close]) Values ( 'SGEN', '2023-01-19 00:00:00', 132)
INSERT Historical_Data ([Ticker], [Date], [Close]) Values ( 'SGEN', '2023-01-20 00:00:00', 131.490005)
INSERT Historical_Data ([Ticker], [Date], [Close]) Values ( 'SGEN', '2023-01-23 00:00:00', 133.490005)
INSERT Historical_Data ([Ticker], [Date], [Close]) Values ( 'SGEN', '2023-01-24 00:00:00', 136.850006)
INSERT Historical_Data ([Ticker], [Date], [Close]) Values ( 'SGEN', '2023-01-25 00:00:00', 138.009995)
INSERT Historical_Data ([Ticker], [Date], [Close]) Values ( 'SGEN', '2023-01-26 00:00:00', 139.690002)
INSERT Historical_Data ([Ticker], [Date], [Close]) Values ( 'SGEN', '2023-01-27 00:00:00', 140.669998)
INSERT Historical_Data ([Ticker], [Date], [Close]) Values ( 'SGEN', '2023-01-30 00:00:00', 139.979996)
INSERT Historical_Data ([Ticker], [Date], [Close]) Values ( 'SGEN', '2023-01-31 00:00:00', 139.479996)
INSERT Historical_Data ([Ticker], [Date], [Close]) Values ( 'SGEN', '2023-02-01 00:00:00', 139.029999)
INSERT Historical_Data ([Ticker], [Date], [Close]) Values ( 'SGEN', '2023-02-02 00:00:00', 139.429993)
INSERT Historical_Data ([Ticker], [Date], [Close]) Values ( 'SGEN', '2023-02-03 00:00:00', 138)
INSERT Historical_Data ([Ticker], [Date], [Close]) Values ( 'SGEN', '2023-02-06 00:00:00', 136)
INSERT Historical_Data ([Ticker], [Date], [Close]) Values ( 'SGEN', '2023-02-07 00:00:00', 137.440002)
INSERT Historical_Data ([Ticker], [Date], [Close]) Values ( 'SGEN', '2023-02-08 00:00:00', 136.889999)
INSERT Historical_Data ([Ticker], [Date], [Close]) Values ( 'SGEN', '2023-02-09 00:00:00', 135.550003)
INSERT Historical_Data ([Ticker], [Date], [Close]) Values ( 'SGEN', '2023-02-10 00:00:00', 135.410004)
INSERT Historical_Data ([Ticker], [Date], [Close]) Values ( 'SGEN', '2023-02-13 00:00:00', 138.899994)
INSERT Historical_Data ([Ticker], [Date], [Close]) Values ( 'SGEN', '2023-02-14 00:00:00', 140.820007)
INSERT Historical_Data ([Ticker], [Date], [Close]) Values ( 'SGEN', '2023-02-15 00:00:00', 142.050003)
INSERT Historical_Data ([Ticker], [Date], [Close]) Values ( 'SGEN', '2023-02-16 00:00:00', 160.910004)
INSERT Historical_Data ([Ticker], [Date], [Close]) Values ( 'SGEN', '2023-02-17 00:00:00', 162.529999)
INSERT Historical_Data ([Ticker], [Date], [Close]) Values ( 'SGEN', '2023-02-21 00:00:00', 156.589996)
INSERT Historical_Data ([Ticker], [Date], [Close]) Values ( 'SGEN', '2023-02-22 00:00:00', 160.789993)
INSERT Historical_Data ([Ticker], [Date], [Close]) Values ( 'SGEN', '2023-02-23 00:00:00', 162.190002)
INSERT Historical_Data ([Ticker], [Date], [Close]) Values ( 'SGEN', '2023-02-24 00:00:00', 161.369995)
INSERT Historical_Data ([Ticker], [Date], [Close]) Values ( 'SGEN', '2023-02-27 00:00:00', 178.160004)
INSERT Historical_Data ([Ticker], [Date], [Close]) Values ( 'SGEN', '2023-02-28 00:00:00', 179.690002)
INSERT Historical_Data ([Ticker], [Date], [Close]) Values ( 'SGEN', '2023-03-01 00:00:00', 178.229996)
INSERT Historical_Data ([Ticker], [Date], [Close]) Values ( 'SGEN', '2023-03-02 00:00:00', 178.669998)
INSERT Historical_Data ([Ticker], [Date], [Close]) Values ( 'SGEN', '2023-03-03 00:00:00', 181.289993)
INSERT Historical_Data ([Ticker], [Date], [Close]) Values ( 'SGEN', '2023-03-06 00:00:00', 177.350006)
INSERT Historical_Data ([Ticker], [Date], [Close]) Values ( 'SGEN', '2023-03-07 00:00:00', 177.5)
INSERT Historical_Data ([Ticker], [Date], [Close]) Values ( 'SGEN', '2023-03-08 00:00:00', 176.360001)
INSERT Historical_Data ([Ticker], [Date], [Close]) Values ( 'SGEN', '2023-03-09 00:00:00', 173.639999)
INSERT Historical_Data ([Ticker], [Date], [Close]) Values ( 'SGEN', '2023-03-10 00:00:00', 172.610001)
INSERT Historical_Data ([Ticker], [Date], [Close]) Values ( 'SGEN', '2023-03-13 00:00:00', 197.649994)
INSERT Historical_Data ([Ticker], [Date], [Close]) Values ( 'SGEN', '2023-03-14 00:00:00', 199.839996)
INSERT Historical_Data ([Ticker], [Date], [Close]) Values ( 'SGEN', '2023-03-15 00:00:00', 199.940002)
INSERT Historical_Data ([Ticker], [Date], [Close]) Values ( 'SGEN', '2023-03-16 00:00:00', 200.479996)
INSERT Historical_Data ([Ticker], [Date], [Close]) Values ( 'SGEN', '2023-03-17 00:00:00', 200.300003)
INSERT Historical_Data ([Ticker], [Date], [Close]) Values ( 'SGEN', '2023-03-20 00:00:00', 200.410004)
INSERT Historical_Data ([Ticker], [Date], [Close]) Values ( 'SGEN', '2023-03-21 00:00:00', 199.910004)
INSERT Historical_Data ([Ticker], [Date], [Close]) Values ( 'SGEN', '2023-03-22 00:00:00', 198.369995)
INSERT Historical_Data ([Ticker], [Date], [Close]) Values ( 'SGEN', '2023-03-23 00:00:00', 198.100006)
INSERT Historical_Data ([Ticker], [Date], [Close]) Values ( 'SGEN', '2023-03-24 00:00:00', 197.639999)
INSERT Historical_Data ([Ticker], [Date], [Close]) Values ( 'SGEN', '2023-03-27 00:00:00', 199.600006)
INSERT Historical_Data ([Ticker], [Date], [Close]) Values ( 'SGEN', '2023-03-28 00:00:00', 203.020004)
INSERT Historical_Data ([Ticker], [Date], [Close]) Values ( 'SGEN', '2023-03-29 00:00:00', 202.229996)
INSERT Historical_Data ([Ticker], [Date], [Close]) Values ( 'SGEN', '2023-03-30 00:00:00', 203.080002)
INSERT Historical_Data ([Ticker], [Date], [Close]) Values ( 'SGEN', '2023-03-31 00:00:00', 202.470001)
INSERT Historical_Data ([Ticker], [Date], [Close]) Values ( 'SGEN', '2023-04-03 00:00:00', 202)
INSERT Historical_Data ([Ticker], [Date], [Close]) Values ( 'SGEN', '2023-04-04 00:00:00', 204.889999)
INSERT Historical_Data ([Ticker], [Date], [Close]) Values ( 'SGEN', '2023-04-05 00:00:00', 205)
INSERT Historical_Data ([Ticker], [Date], [Close]) Values ( 'SGEN', '2023-04-06 00:00:00', 205.550003)
INSERT Historical_Data ([Ticker], [Date], [Close]) Values ( 'SGEN', '2023-04-10 00:00:00', 204.699997)
INSERT Historical_Data ([Ticker], [Date], [Close]) Values ( 'SGEN', '2023-04-11 00:00:00', 204.979996)
INSERT Historical_Data ([Ticker], [Date], [Close]) Values ( 'SGEN', '2023-04-12 00:00:00', 205.199997)
INSERT Historical_Data ([Ticker], [Date], [Close]) Values ( 'SGEN', '2023-04-13 00:00:00', 206.25)
INSERT Historical_Data ([Ticker], [Date], [Close]) Values ( 'SGEN', '2023-04-14 00:00:00', 205.5)
INSERT Historical_Data ([Ticker], [Date], [Close]) Values ( 'SGEN', '2023-04-17 00:00:00', 205.399994)
INSERT Historical_Data ([Ticker], [Date], [Close]) Values ( 'SGEN', '2023-04-18 00:00:00', 205)
INSERT Historical_Data ([Ticker], [Date], [Close]) Values ( 'SGEN', '2023-04-19 00:00:00', 205)
INSERT Historical_Data ([Ticker], [Date], [Close]) Values ( 'SGEN', '2023-04-20 00:00:00', 204.289993)
INSERT Historical_Data ([Ticker], [Date], [Close]) Values ( 'SGEN', '2023-04-21 00:00:00', 203.800003)
INSERT Historical_Data ([Ticker], [Date], [Close]) Values ( 'SGEN', '2023-04-24 00:00:00', 203.270004)
INSERT Historical_Data ([Ticker], [Date], [Close]) Values ( 'SGEN', '2023-04-25 00:00:00', 203.199997)
INSERT Historical_Data ([Ticker], [Date], [Close]) Values ( 'SGEN', '2023-04-26 00:00:00', 201.389999)
INSERT Historical_Data ([Ticker], [Date], [Close]) Values ( 'SGEN', '2023-04-27 00:00:00', 200.759995)
INSERT Historical_Data ([Ticker], [Date], [Close]) Values ( 'SGEN', '2023-04-28 00:00:00', 200)
INSERT Historical_Data ([Ticker], [Date], [Close]) Values ( 'SGEN', '2023-05-01 00:00:00', 199.160004)
INSERT Historical_Data ([Ticker], [Date], [Close]) Values ( 'SGEN', '2023-05-02 00:00:00', 199.929993)
INSERT Historical_Data ([Ticker], [Date], [Close]) Values ( 'SGEN', '2023-05-03 00:00:00', 198.580002)
INSERT Historical_Data ([Ticker], [Date], [Close]) Values ( 'SGEN', '2023-05-04 00:00:00', 198.5)
INSERT Historical_Data ([Ticker], [Date], [Close]) Values ( 'SGEN', '2023-05-05 00:00:00', 199.869995)
INSERT Historical_Data ([Ticker], [Date], [Close]) Values ( 'SGEN', '2023-05-08 00:00:00', 198.229996)
INSERT Historical_Data ([Ticker], [Date], [Close]) Values ( 'SGEN', '2023-05-09 00:00:00', 200)
INSERT Historical_Data ([Ticker], [Date], [Close]) Values ( 'SGEN', '2023-05-10 00:00:00', 199.990005)
INSERT Historical_Data ([Ticker], [Date], [Close]) Values ( 'SGEN', '2023-05-11 00:00:00', 199.5)
INSERT Historical_Data ([Ticker], [Date], [Close]) Values ( 'SGEN', '2023-05-12 00:00:00', 199)
INSERT Historical_Data ([Ticker], [Date], [Close]) Values ( 'SGEN', '2023-05-15 00:00:00', 199.550003)
INSERT Historical_Data ([Ticker], [Date], [Close]) Values ( 'SGEN', '2023-05-16 00:00:00', 187.639999)
INSERT Historical_Data ([Ticker], [Date], [Close]) Values ( 'SGEN', '2023-05-17 00:00:00', 193.050003)
INSERT Historical_Data ([Ticker], [Date], [Close]) Values ( 'SGEN', '2023-05-18 00:00:00', 194.520004)

------------------------
-- NFLX = Netflix Inc --
------------------------

INSERT Historical_Data ([Ticker], [Date], [Close]) Values ( 'NFLX', '2022-05-18 00:00:00', 177.190002)
INSERT Historical_Data ([Ticker], [Date], [Close]) Values ( 'NFLX', '2022-05-19 00:00:00', 183.479996)
INSERT Historical_Data ([Ticker], [Date], [Close]) Values ( 'NFLX', '2022-05-20 00:00:00', 186.350006)
INSERT Historical_Data ([Ticker], [Date], [Close]) Values ( 'NFLX', '2022-05-23 00:00:00', 187.440002)
INSERT Historical_Data ([Ticker], [Date], [Close]) Values ( 'NFLX', '2022-05-24 00:00:00', 180.339996)
INSERT Historical_Data ([Ticker], [Date], [Close]) Values ( 'NFLX', '2022-05-25 00:00:00', 187.830002)
INSERT Historical_Data ([Ticker], [Date], [Close]) Values ( 'NFLX', '2022-05-26 00:00:00', 191.399994)
INSERT Historical_Data ([Ticker], [Date], [Close]) Values ( 'NFLX', '2022-05-27 00:00:00', 195.190002)
INSERT Historical_Data ([Ticker], [Date], [Close]) Values ( 'NFLX', '2022-05-31 00:00:00', 197.440002)
INSERT Historical_Data ([Ticker], [Date], [Close]) Values ( 'NFLX', '2022-06-01 00:00:00', 192.910004)
INSERT Historical_Data ([Ticker], [Date], [Close]) Values ( 'NFLX', '2022-06-02 00:00:00', 205.089996)
INSERT Historical_Data ([Ticker], [Date], [Close]) Values ( 'NFLX', '2022-06-03 00:00:00', 198.979996)
INSERT Historical_Data ([Ticker], [Date], [Close]) Values ( 'NFLX', '2022-06-06 00:00:00', 197.139999)
INSERT Historical_Data ([Ticker], [Date], [Close]) Values ( 'NFLX', '2022-06-07 00:00:00', 198.610001)
INSERT Historical_Data ([Ticker], [Date], [Close]) Values ( 'NFLX', '2022-06-08 00:00:00', 202.830002)
INSERT Historical_Data ([Ticker], [Date], [Close]) Values ( 'NFLX', '2022-06-09 00:00:00', 192.770004)
INSERT Historical_Data ([Ticker], [Date], [Close]) Values ( 'NFLX', '2022-06-10 00:00:00', 182.940002)
INSERT Historical_Data ([Ticker], [Date], [Close]) Values ( 'NFLX', '2022-06-13 00:00:00', 169.690002)
INSERT Historical_Data ([Ticker], [Date], [Close]) Values ( 'NFLX', '2022-06-14 00:00:00', 167.539993)
INSERT Historical_Data ([Ticker], [Date], [Close]) Values ( 'NFLX', '2022-06-15 00:00:00', 180.110001)
INSERT Historical_Data ([Ticker], [Date], [Close]) Values ( 'NFLX', '2022-06-16 00:00:00', 173.350006)
INSERT Historical_Data ([Ticker], [Date], [Close]) Values ( 'NFLX', '2022-06-17 00:00:00', 175.509995)
INSERT Historical_Data ([Ticker], [Date], [Close]) Values ( 'NFLX', '2022-06-21 00:00:00', 170.910004)
INSERT Historical_Data ([Ticker], [Date], [Close]) Values ( 'NFLX', '2022-06-22 00:00:00', 178.889999)
INSERT Historical_Data ([Ticker], [Date], [Close]) Values ( 'NFLX', '2022-06-23 00:00:00', 181.710007)
INSERT Historical_Data ([Ticker], [Date], [Close]) Values ( 'NFLX', '2022-06-24 00:00:00', 190.850006)
INSERT Historical_Data ([Ticker], [Date], [Close]) Values ( 'NFLX', '2022-06-27 00:00:00', 189.139999)
INSERT Historical_Data ([Ticker], [Date], [Close]) Values ( 'NFLX', '2022-06-28 00:00:00', 179.600006)
INSERT Historical_Data ([Ticker], [Date], [Close]) Values ( 'NFLX', '2022-06-29 00:00:00', 178.360001)
INSERT Historical_Data ([Ticker], [Date], [Close]) Values ( 'NFLX', '2022-06-30 00:00:00', 174.869995)
INSERT Historical_Data ([Ticker], [Date], [Close]) Values ( 'NFLX', '2022-07-01 00:00:00', 179.949997)
INSERT Historical_Data ([Ticker], [Date], [Close]) Values ( 'NFLX', '2022-07-05 00:00:00', 185.880005)
INSERT Historical_Data ([Ticker], [Date], [Close]) Values ( 'NFLX', '2022-07-06 00:00:00', 184.059998)
INSERT Historical_Data ([Ticker], [Date], [Close]) Values ( 'NFLX', '2022-07-07 00:00:00', 189.270004)
INSERT Historical_Data ([Ticker], [Date], [Close]) Values ( 'NFLX', '2022-07-08 00:00:00', 186.979996)
INSERT Historical_Data ([Ticker], [Date], [Close]) Values ( 'NFLX', '2022-07-11 00:00:00', 177.339996)
INSERT Historical_Data ([Ticker], [Date], [Close]) Values ( 'NFLX', '2022-07-12 00:00:00', 174.449997)
INSERT Historical_Data ([Ticker], [Date], [Close]) Values ( 'NFLX', '2022-07-13 00:00:00', 176.559998)
INSERT Historical_Data ([Ticker], [Date], [Close]) Values ( 'NFLX', '2022-07-14 00:00:00', 174.779999)
INSERT Historical_Data ([Ticker], [Date], [Close]) Values ( 'NFLX', '2022-07-15 00:00:00', 189.110001)
INSERT Historical_Data ([Ticker], [Date], [Close]) Values ( 'NFLX', '2022-07-18 00:00:00', 190.919998)
INSERT Historical_Data ([Ticker], [Date], [Close]) Values ( 'NFLX', '2022-07-19 00:00:00', 201.630005)
INSERT Historical_Data ([Ticker], [Date], [Close]) Values ( 'NFLX', '2022-07-20 00:00:00', 216.440002)
INSERT Historical_Data ([Ticker], [Date], [Close]) Values ( 'NFLX', '2022-07-21 00:00:00', 223.880005)
INSERT Historical_Data ([Ticker], [Date], [Close]) Values ( 'NFLX', '2022-07-22 00:00:00', 220.440002)
INSERT Historical_Data ([Ticker], [Date], [Close]) Values ( 'NFLX', '2022-07-25 00:00:00', 218.509995)
INSERT Historical_Data ([Ticker], [Date], [Close]) Values ( 'NFLX', '2022-07-26 00:00:00', 213.910004)
INSERT Historical_Data ([Ticker], [Date], [Close]) Values ( 'NFLX', '2022-07-27 00:00:00', 226.75)
INSERT Historical_Data ([Ticker], [Date], [Close]) Values ( 'NFLX', '2022-07-28 00:00:00', 226.020004)
INSERT Historical_Data ([Ticker], [Date], [Close]) Values ( 'NFLX', '2022-07-29 00:00:00', 224.899994)
INSERT Historical_Data ([Ticker], [Date], [Close]) Values ( 'NFLX', '2022-08-01 00:00:00', 226.210007)
INSERT Historical_Data ([Ticker], [Date], [Close]) Values ( 'NFLX', '2022-08-02 00:00:00', 221.419998)
INSERT Historical_Data ([Ticker], [Date], [Close]) Values ( 'NFLX', '2022-08-03 00:00:00', 226.729996)
INSERT Historical_Data ([Ticker], [Date], [Close]) Values ( 'NFLX', '2022-08-04 00:00:00', 229.910004)
INSERT Historical_Data ([Ticker], [Date], [Close]) Values ( 'NFLX', '2022-08-05 00:00:00', 226.779999)
INSERT Historical_Data ([Ticker], [Date], [Close]) Values ( 'NFLX', '2022-08-08 00:00:00', 233.490005)
INSERT Historical_Data ([Ticker], [Date], [Close]) Values ( 'NFLX', '2022-08-09 00:00:00', 229.940002)
INSERT Historical_Data ([Ticker], [Date], [Close]) Values ( 'NFLX', '2022-08-10 00:00:00', 244.110001)
INSERT Historical_Data ([Ticker], [Date], [Close]) Values ( 'NFLX', '2022-08-11 00:00:00', 242.699997)
INSERT Historical_Data ([Ticker], [Date], [Close]) Values ( 'NFLX', '2022-08-12 00:00:00', 249.300003)
INSERT Historical_Data ([Ticker], [Date], [Close]) Values ( 'NFLX', '2022-08-15 00:00:00', 249.110001)
INSERT Historical_Data ([Ticker], [Date], [Close]) Values ( 'NFLX', '2022-08-16 00:00:00', 245.690002)
INSERT Historical_Data ([Ticker], [Date], [Close]) Values ( 'NFLX', '2022-08-17 00:00:00', 241.149994)
INSERT Historical_Data ([Ticker], [Date], [Close]) Values ( 'NFLX', '2022-08-18 00:00:00', 245.169998)
INSERT Historical_Data ([Ticker], [Date], [Close]) Values ( 'NFLX', '2022-08-19 00:00:00', 241.160004)
INSERT Historical_Data ([Ticker], [Date], [Close]) Values ( 'NFLX', '2022-08-22 00:00:00', 226.539993)
INSERT Historical_Data ([Ticker], [Date], [Close]) Values ( 'NFLX', '2022-08-23 00:00:00', 224.550003)
INSERT Historical_Data ([Ticker], [Date], [Close]) Values ( 'NFLX', '2022-08-24 00:00:00', 229.610001)
INSERT Historical_Data ([Ticker], [Date], [Close]) Values ( 'NFLX', '2022-08-25 00:00:00', 233.979996)
INSERT Historical_Data ([Ticker], [Date], [Close]) Values ( 'NFLX', '2022-08-26 00:00:00', 223.279999)
INSERT Historical_Data ([Ticker], [Date], [Close]) Values ( 'NFLX', '2022-08-29 00:00:00', 224.570007)
INSERT Historical_Data ([Ticker], [Date], [Close]) Values ( 'NFLX', '2022-08-30 00:00:00', 220.649994)
INSERT Historical_Data ([Ticker], [Date], [Close]) Values ( 'NFLX', '2022-08-31 00:00:00', 223.559998)
INSERT Historical_Data ([Ticker], [Date], [Close]) Values ( 'NFLX', '2022-09-01 00:00:00', 230.039993)
INSERT Historical_Data ([Ticker], [Date], [Close]) Values ( 'NFLX', '2022-09-02 00:00:00', 226.110001)
INSERT Historical_Data ([Ticker], [Date], [Close]) Values ( 'NFLX', '2022-09-06 00:00:00', 218.389999)
INSERT Historical_Data ([Ticker], [Date], [Close]) Values ( 'NFLX', '2022-09-07 00:00:00', 228.960007)
INSERT Historical_Data ([Ticker], [Date], [Close]) Values ( 'NFLX', '2022-09-08 00:00:00', 227.440002)
INSERT Historical_Data ([Ticker], [Date], [Close]) Values ( 'NFLX', '2022-09-09 00:00:00', 233.570007)
INSERT Historical_Data ([Ticker], [Date], [Close]) Values ( 'NFLX', '2022-09-12 00:00:00', 236.529999)
INSERT Historical_Data ([Ticker], [Date], [Close]) Values ( 'NFLX', '2022-09-13 00:00:00', 218.130005)
INSERT Historical_Data ([Ticker], [Date], [Close]) Values ( 'NFLX', '2022-09-14 00:00:00', 224.119995)
INSERT Historical_Data ([Ticker], [Date], [Close]) Values ( 'NFLX', '2022-09-15 00:00:00', 235.380005)
INSERT Historical_Data ([Ticker], [Date], [Close]) Values ( 'NFLX', '2022-09-16 00:00:00', 240.130005)
INSERT Historical_Data ([Ticker], [Date], [Close]) Values ( 'NFLX', '2022-09-19 00:00:00', 243.630005)
INSERT Historical_Data ([Ticker], [Date], [Close]) Values ( 'NFLX', '2022-09-20 00:00:00', 242.850006)
INSERT Historical_Data ([Ticker], [Date], [Close]) Values ( 'NFLX', '2022-09-21 00:00:00', 236.869995)
INSERT Historical_Data ([Ticker], [Date], [Close]) Values ( 'NFLX', '2022-09-22 00:00:00', 237.050003)
INSERT Historical_Data ([Ticker], [Date], [Close]) Values ( 'NFLX', '2022-09-23 00:00:00', 226.410004)
INSERT Historical_Data ([Ticker], [Date], [Close]) Values ( 'NFLX', '2022-09-26 00:00:00', 224.070007)
INSERT Historical_Data ([Ticker], [Date], [Close]) Values ( 'NFLX', '2022-09-27 00:00:00', 224.360001)
INSERT Historical_Data ([Ticker], [Date], [Close]) Values ( 'NFLX', '2022-09-28 00:00:00', 245.199997)
INSERT Historical_Data ([Ticker], [Date], [Close]) Values ( 'NFLX', '2022-09-29 00:00:00', 239.710007)
INSERT Historical_Data ([Ticker], [Date], [Close]) Values ( 'NFLX', '2022-09-30 00:00:00', 235.440002)
INSERT Historical_Data ([Ticker], [Date], [Close]) Values ( 'NFLX', '2022-10-03 00:00:00', 239.039993)
INSERT Historical_Data ([Ticker], [Date], [Close]) Values ( 'NFLX', '2022-10-04 00:00:00', 240.740005)
INSERT Historical_Data ([Ticker], [Date], [Close]) Values ( 'NFLX', '2022-10-05 00:00:00', 236.729996)
INSERT Historical_Data ([Ticker], [Date], [Close]) Values ( 'NFLX', '2022-10-06 00:00:00', 240.020004)
INSERT Historical_Data ([Ticker], [Date], [Close]) Values ( 'NFLX', '2022-10-07 00:00:00', 224.75)
INSERT Historical_Data ([Ticker], [Date], [Close]) Values ( 'NFLX', '2022-10-10 00:00:00', 229.979996)
INSERT Historical_Data ([Ticker], [Date], [Close]) Values ( 'NFLX', '2022-10-11 00:00:00', 214.289993)
INSERT Historical_Data ([Ticker], [Date], [Close]) Values ( 'NFLX', '2022-10-12 00:00:00', 220.869995)
INSERT Historical_Data ([Ticker], [Date], [Close]) Values ( 'NFLX', '2022-10-13 00:00:00', 232.509995)
INSERT Historical_Data ([Ticker], [Date], [Close]) Values ( 'NFLX', '2022-10-14 00:00:00', 230)
INSERT Historical_Data ([Ticker], [Date], [Close]) Values ( 'NFLX', '2022-10-17 00:00:00', 245.100006)
INSERT Historical_Data ([Ticker], [Date], [Close]) Values ( 'NFLX', '2022-10-18 00:00:00', 240.860001)
INSERT Historical_Data ([Ticker], [Date], [Close]) Values ( 'NFLX', '2022-10-19 00:00:00', 272.380005)
INSERT Historical_Data ([Ticker], [Date], [Close]) Values ( 'NFLX', '2022-10-20 00:00:00', 268.160004)
INSERT Historical_Data ([Ticker], [Date], [Close]) Values ( 'NFLX', '2022-10-21 00:00:00', 289.570007)
INSERT Historical_Data ([Ticker], [Date], [Close]) Values ( 'NFLX', '2022-10-24 00:00:00', 282.450012)
INSERT Historical_Data ([Ticker], [Date], [Close]) Values ( 'NFLX', '2022-10-25 00:00:00', 291.019989)
INSERT Historical_Data ([Ticker], [Date], [Close]) Values ( 'NFLX', '2022-10-26 00:00:00', 298.619995)
INSERT Historical_Data ([Ticker], [Date], [Close]) Values ( 'NFLX', '2022-10-27 00:00:00', 296.940002)
INSERT Historical_Data ([Ticker], [Date], [Close]) Values ( 'NFLX', '2022-10-28 00:00:00', 295.720001)
INSERT Historical_Data ([Ticker], [Date], [Close]) Values ( 'NFLX', '2022-10-31 00:00:00', 291.880005)
INSERT Historical_Data ([Ticker], [Date], [Close]) Values ( 'NFLX', '2022-11-01 00:00:00', 286.75)
INSERT Historical_Data ([Ticker], [Date], [Close]) Values ( 'NFLX', '2022-11-02 00:00:00', 273)
INSERT Historical_Data ([Ticker], [Date], [Close]) Values ( 'NFLX', '2022-11-03 00:00:00', 269.059998)
INSERT Historical_Data ([Ticker], [Date], [Close]) Values ( 'NFLX', '2022-11-04 00:00:00', 260.790009)
INSERT Historical_Data ([Ticker], [Date], [Close]) Values ( 'NFLX', '2022-11-07 00:00:00', 258.600006)
INSERT Historical_Data ([Ticker], [Date], [Close]) Values ( 'NFLX', '2022-11-08 00:00:00', 263.459991)
INSERT Historical_Data ([Ticker], [Date], [Close]) Values ( 'NFLX', '2022-11-09 00:00:00', 254.660004)
INSERT Historical_Data ([Ticker], [Date], [Close]) Values ( 'NFLX', '2022-11-10 00:00:00', 274.970001)
INSERT Historical_Data ([Ticker], [Date], [Close]) Values ( 'NFLX', '2022-11-11 00:00:00', 290.130005)
INSERT Historical_Data ([Ticker], [Date], [Close]) Values ( 'NFLX', '2022-11-14 00:00:00', 299.269989)
INSERT Historical_Data ([Ticker], [Date], [Close]) Values ( 'NFLX', '2022-11-15 00:00:00', 310.200012)
INSERT Historical_Data ([Ticker], [Date], [Close]) Values ( 'NFLX', '2022-11-16 00:00:00', 306.019989)
INSERT Historical_Data ([Ticker], [Date], [Close]) Values ( 'NFLX', '2022-11-17 00:00:00', 295.279999)
INSERT Historical_Data ([Ticker], [Date], [Close]) Values ( 'NFLX', '2022-11-18 00:00:00', 287.980011)
INSERT Historical_Data ([Ticker], [Date], [Close]) Values ( 'NFLX', '2022-11-21 00:00:00', 285.049988)
INSERT Historical_Data ([Ticker], [Date], [Close]) Values ( 'NFLX', '2022-11-22 00:00:00', 286.690002)
INSERT Historical_Data ([Ticker], [Date], [Close]) Values ( 'NFLX', '2022-11-23 00:00:00', 291.5)
INSERT Historical_Data ([Ticker], [Date], [Close]) Values ( 'NFLX', '2022-11-25 00:00:00', 285.540009)
INSERT Historical_Data ([Ticker], [Date], [Close]) Values ( 'NFLX', '2022-11-28 00:00:00', 281.170013)
INSERT Historical_Data ([Ticker], [Date], [Close]) Values ( 'NFLX', '2022-11-29 00:00:00', 280.959991)
INSERT Historical_Data ([Ticker], [Date], [Close]) Values ( 'NFLX', '2022-11-30 00:00:00', 305.529999)
INSERT Historical_Data ([Ticker], [Date], [Close]) Values ( 'NFLX', '2022-12-01 00:00:00', 316.950012)
INSERT Historical_Data ([Ticker], [Date], [Close]) Values ( 'NFLX', '2022-12-02 00:00:00', 320.410004)
INSERT Historical_Data ([Ticker], [Date], [Close]) Values ( 'NFLX', '2022-12-05 00:00:00', 312.589996)
INSERT Historical_Data ([Ticker], [Date], [Close]) Values ( 'NFLX', '2022-12-06 00:00:00', 305.559998)
INSERT Historical_Data ([Ticker], [Date], [Close]) Values ( 'NFLX', '2022-12-07 00:00:00', 308.420013)
INSERT Historical_Data ([Ticker], [Date], [Close]) Values ( 'NFLX', '2022-12-08 00:00:00', 310.26001)
INSERT Historical_Data ([Ticker], [Date], [Close]) Values ( 'NFLX', '2022-12-09 00:00:00', 320.01001)
INSERT Historical_Data ([Ticker], [Date], [Close]) Values ( 'NFLX', '2022-12-12 00:00:00', 315.179993)
INSERT Historical_Data ([Ticker], [Date], [Close]) Values ( 'NFLX', '2022-12-13 00:00:00', 320.339996)
INSERT Historical_Data ([Ticker], [Date], [Close]) Values ( 'NFLX', '2022-12-14 00:00:00', 317.829987)
INSERT Historical_Data ([Ticker], [Date], [Close]) Values ( 'NFLX', '2022-12-15 00:00:00', 290.410004)
INSERT Historical_Data ([Ticker], [Date], [Close]) Values ( 'NFLX', '2022-12-16 00:00:00', 290.709991)
INSERT Historical_Data ([Ticker], [Date], [Close]) Values ( 'NFLX', '2022-12-19 00:00:00', 288.299988)
INSERT Historical_Data ([Ticker], [Date], [Close]) Values ( 'NFLX', '2022-12-20 00:00:00', 288.190002)
INSERT Historical_Data ([Ticker], [Date], [Close]) Values ( 'NFLX', '2022-12-21 00:00:00', 297.959991)
INSERT Historical_Data ([Ticker], [Date], [Close]) Values ( 'NFLX', '2022-12-22 00:00:00', 297.75)
INSERT Historical_Data ([Ticker], [Date], [Close]) Values ( 'NFLX', '2022-12-23 00:00:00', 294.959991)
INSERT Historical_Data ([Ticker], [Date], [Close]) Values ( 'NFLX', '2022-12-27 00:00:00', 284.170013)
INSERT Historical_Data ([Ticker], [Date], [Close]) Values ( 'NFLX', '2022-12-28 00:00:00', 276.880005)
INSERT Historical_Data ([Ticker], [Date], [Close]) Values ( 'NFLX', '2022-12-29 00:00:00', 291.119995)
INSERT Historical_Data ([Ticker], [Date], [Close]) Values ( 'NFLX', '2022-12-30 00:00:00', 294.880005)
INSERT Historical_Data ([Ticker], [Date], [Close]) Values ( 'NFLX', '2023-01-03 00:00:00', 294.950012)
INSERT Historical_Data ([Ticker], [Date], [Close]) Values ( 'NFLX', '2023-01-04 00:00:00', 309.410004)
INSERT Historical_Data ([Ticker], [Date], [Close]) Values ( 'NFLX', '2023-01-05 00:00:00', 309.700012)
INSERT Historical_Data ([Ticker], [Date], [Close]) Values ( 'NFLX', '2023-01-06 00:00:00', 315.549988)
INSERT Historical_Data ([Ticker], [Date], [Close]) Values ( 'NFLX', '2023-01-09 00:00:00', 315.170013)
INSERT Historical_Data ([Ticker], [Date], [Close]) Values ( 'NFLX', '2023-01-10 00:00:00', 327.540009)
INSERT Historical_Data ([Ticker], [Date], [Close]) Values ( 'NFLX', '2023-01-11 00:00:00', 327.26001)
INSERT Historical_Data ([Ticker], [Date], [Close]) Values ( 'NFLX', '2023-01-12 00:00:00', 330.130005)
INSERT Historical_Data ([Ticker], [Date], [Close]) Values ( 'NFLX', '2023-01-13 00:00:00', 332.820007)
INSERT Historical_Data ([Ticker], [Date], [Close]) Values ( 'NFLX', '2023-01-17 00:00:00', 326.220001)
INSERT Historical_Data ([Ticker], [Date], [Close]) Values ( 'NFLX', '2023-01-18 00:00:00', 326.329987)
INSERT Historical_Data ([Ticker], [Date], [Close]) Values ( 'NFLX', '2023-01-19 00:00:00', 315.779999)
INSERT Historical_Data ([Ticker], [Date], [Close]) Values ( 'NFLX', '2023-01-20 00:00:00', 342.5)
INSERT Historical_Data ([Ticker], [Date], [Close]) Values ( 'NFLX', '2023-01-23 00:00:00', 357.420013)
INSERT Historical_Data ([Ticker], [Date], [Close]) Values ( 'NFLX', '2023-01-24 00:00:00', 363.829987)
INSERT Historical_Data ([Ticker], [Date], [Close]) Values ( 'NFLX', '2023-01-25 00:00:00', 367.959991)
INSERT Historical_Data ([Ticker], [Date], [Close]) Values ( 'NFLX', '2023-01-26 00:00:00', 364.869995)
INSERT Historical_Data ([Ticker], [Date], [Close]) Values ( 'NFLX', '2023-01-27 00:00:00', 360.769989)
INSERT Historical_Data ([Ticker], [Date], [Close]) Values ( 'NFLX', '2023-01-30 00:00:00', 353.109985)
INSERT Historical_Data ([Ticker], [Date], [Close]) Values ( 'NFLX', '2023-01-31 00:00:00', 353.859985)
INSERT Historical_Data ([Ticker], [Date], [Close]) Values ( 'NFLX', '2023-02-01 00:00:00', 361.98999)
INSERT Historical_Data ([Ticker], [Date], [Close]) Values ( 'NFLX', '2023-02-02 00:00:00', 366.890015)
INSERT Historical_Data ([Ticker], [Date], [Close]) Values ( 'NFLX', '2023-02-03 00:00:00', 365.899994)
INSERT Historical_Data ([Ticker], [Date], [Close]) Values ( 'NFLX', '2023-02-06 00:00:00', 361.480011)
INSERT Historical_Data ([Ticker], [Date], [Close]) Values ( 'NFLX', '2023-02-07 00:00:00', 362.950012)
INSERT Historical_Data ([Ticker], [Date], [Close]) Values ( 'NFLX', '2023-02-08 00:00:00', 366.829987)
INSERT Historical_Data ([Ticker], [Date], [Close]) Values ( 'NFLX', '2023-02-09 00:00:00', 362.5)
INSERT Historical_Data ([Ticker], [Date], [Close]) Values ( 'NFLX', '2023-02-10 00:00:00', 347.359985)
INSERT Historical_Data ([Ticker], [Date], [Close]) Values ( 'NFLX', '2023-02-13 00:00:00', 358.570007)
INSERT Historical_Data ([Ticker], [Date], [Close]) Values ( 'NFLX', '2023-02-14 00:00:00', 359.959991)
INSERT Historical_Data ([Ticker], [Date], [Close]) Values ( 'NFLX', '2023-02-15 00:00:00', 361.420013)
INSERT Historical_Data ([Ticker], [Date], [Close]) Values ( 'NFLX', '2023-02-16 00:00:00', 350.709991)
INSERT Historical_Data ([Ticker], [Date], [Close]) Values ( 'NFLX', '2023-02-17 00:00:00', 347.959991)
INSERT Historical_Data ([Ticker], [Date], [Close]) Values ( 'NFLX', '2023-02-21 00:00:00', 337.5)
INSERT Historical_Data ([Ticker], [Date], [Close]) Values ( 'NFLX', '2023-02-22 00:00:00', 334.880005)
INSERT Historical_Data ([Ticker], [Date], [Close]) Values ( 'NFLX', '2023-02-23 00:00:00', 323.649994)
INSERT Historical_Data ([Ticker], [Date], [Close]) Values ( 'NFLX', '2023-02-24 00:00:00', 317.149994)
INSERT Historical_Data ([Ticker], [Date], [Close]) Values ( 'NFLX', '2023-02-27 00:00:00', 323.029999)
INSERT Historical_Data ([Ticker], [Date], [Close]) Values ( 'NFLX', '2023-02-28 00:00:00', 322.130005)
INSERT Historical_Data ([Ticker], [Date], [Close]) Values ( 'NFLX', '2023-03-01 00:00:00', 313.480011)
INSERT Historical_Data ([Ticker], [Date], [Close]) Values ( 'NFLX', '2023-03-02 00:00:00', 311.880005)
INSERT Historical_Data ([Ticker], [Date], [Close]) Values ( 'NFLX', '2023-03-03 00:00:00', 315.179993)
INSERT Historical_Data ([Ticker], [Date], [Close]) Values ( 'NFLX', '2023-03-06 00:00:00', 312.029999)
INSERT Historical_Data ([Ticker], [Date], [Close]) Values ( 'NFLX', '2023-03-07 00:00:00', 308.470001)
INSERT Historical_Data ([Ticker], [Date], [Close]) Values ( 'NFLX', '2023-03-08 00:00:00', 311.790009)
INSERT Historical_Data ([Ticker], [Date], [Close]) Values ( 'NFLX', '2023-03-09 00:00:00', 297.779999)
INSERT Historical_Data ([Ticker], [Date], [Close]) Values ( 'NFLX', '2023-03-10 00:00:00', 292.76001)
INSERT Historical_Data ([Ticker], [Date], [Close]) Values ( 'NFLX', '2023-03-13 00:00:00', 293.51001)
INSERT Historical_Data ([Ticker], [Date], [Close]) Values ( 'NFLX', '2023-03-14 00:00:00', 294.940002)
INSERT Historical_Data ([Ticker], [Date], [Close]) Values ( 'NFLX', '2023-03-15 00:00:00', 303.790009)
INSERT Historical_Data ([Ticker], [Date], [Close]) Values ( 'NFLX', '2023-03-16 00:00:00', 310.059998)
INSERT Historical_Data ([Ticker], [Date], [Close]) Values ( 'NFLX', '2023-03-17 00:00:00', 303.5)
INSERT Historical_Data ([Ticker], [Date], [Close]) Values ( 'NFLX', '2023-03-20 00:00:00', 305.130005)
INSERT Historical_Data ([Ticker], [Date], [Close]) Values ( 'NFLX', '2023-03-21 00:00:00', 305.790009)
INSERT Historical_Data ([Ticker], [Date], [Close]) Values ( 'NFLX', '2023-03-22 00:00:00', 293.899994)
INSERT Historical_Data ([Ticker], [Date], [Close]) Values ( 'NFLX', '2023-03-23 00:00:00', 320.369995)
INSERT Historical_Data ([Ticker], [Date], [Close]) Values ( 'NFLX', '2023-03-24 00:00:00', 328.390015)
INSERT Historical_Data ([Ticker], [Date], [Close]) Values ( 'NFLX', '2023-03-27 00:00:00', 327.660004)
INSERT Historical_Data ([Ticker], [Date], [Close]) Values ( 'NFLX', '2023-03-28 00:00:00', 323.519989)
INSERT Historical_Data ([Ticker], [Date], [Close]) Values ( 'NFLX', '2023-03-29 00:00:00', 332.029999)
INSERT Historical_Data ([Ticker], [Date], [Close]) Values ( 'NFLX', '2023-03-30 00:00:00', 338.429993)
INSERT Historical_Data ([Ticker], [Date], [Close]) Values ( 'NFLX', '2023-03-31 00:00:00', 345.480011)
INSERT Historical_Data ([Ticker], [Date], [Close]) Values ( 'NFLX', '2023-04-03 00:00:00', 348.279999)
INSERT Historical_Data ([Ticker], [Date], [Close]) Values ( 'NFLX', '2023-04-04 00:00:00', 346.75)
INSERT Historical_Data ([Ticker], [Date], [Close]) Values ( 'NFLX', '2023-04-05 00:00:00', 342.350006)
INSERT Historical_Data ([Ticker], [Date], [Close]) Values ( 'NFLX', '2023-04-06 00:00:00', 339.329987)
INSERT Historical_Data ([Ticker], [Date], [Close]) Values ( 'NFLX', '2023-04-10 00:00:00', 338.98999)
INSERT Historical_Data ([Ticker], [Date], [Close]) Values ( 'NFLX', '2023-04-11 00:00:00', 338.209991)
INSERT Historical_Data ([Ticker], [Date], [Close]) Values ( 'NFLX', '2023-04-12 00:00:00', 331.029999)
INSERT Historical_Data ([Ticker], [Date], [Close]) Values ( 'NFLX', '2023-04-13 00:00:00', 346.190002)
INSERT Historical_Data ([Ticker], [Date], [Close]) Values ( 'NFLX', '2023-04-14 00:00:00', 338.630005)
INSERT Historical_Data ([Ticker], [Date], [Close]) Values ( 'NFLX', '2023-04-17 00:00:00', 332.720001)
INSERT Historical_Data ([Ticker], [Date], [Close]) Values ( 'NFLX', '2023-04-18 00:00:00', 333.700012)
INSERT Historical_Data ([Ticker], [Date], [Close]) Values ( 'NFLX', '2023-04-19 00:00:00', 323.119995)
INSERT Historical_Data ([Ticker], [Date], [Close]) Values ( 'NFLX', '2023-04-20 00:00:00', 325.350006)
INSERT Historical_Data ([Ticker], [Date], [Close]) Values ( 'NFLX', '2023-04-21 00:00:00', 327.980011)
INSERT Historical_Data ([Ticker], [Date], [Close]) Values ( 'NFLX', '2023-04-24 00:00:00', 329.019989)
INSERT Historical_Data ([Ticker], [Date], [Close]) Values ( 'NFLX', '2023-04-25 00:00:00', 322.549988)
INSERT Historical_Data ([Ticker], [Date], [Close]) Values ( 'NFLX', '2023-04-26 00:00:00', 321.149994)
INSERT Historical_Data ([Ticker], [Date], [Close]) Values ( 'NFLX', '2023-04-27 00:00:00', 325.850006)
INSERT Historical_Data ([Ticker], [Date], [Close]) Values ( 'NFLX', '2023-04-28 00:00:00', 329.929993)
INSERT Historical_Data ([Ticker], [Date], [Close]) Values ( 'NFLX', '2023-05-01 00:00:00', 324.119995)
INSERT Historical_Data ([Ticker], [Date], [Close]) Values ( 'NFLX', '2023-05-02 00:00:00', 317.549988)
INSERT Historical_Data ([Ticker], [Date], [Close]) Values ( 'NFLX', '2023-05-03 00:00:00', 319.299988)
INSERT Historical_Data ([Ticker], [Date], [Close]) Values ( 'NFLX', '2023-05-04 00:00:00', 320.779999)
INSERT Historical_Data ([Ticker], [Date], [Close]) Values ( 'NFLX', '2023-05-05 00:00:00', 322.76001)
INSERT Historical_Data ([Ticker], [Date], [Close]) Values ( 'NFLX', '2023-05-08 00:00:00', 331.209991)
INSERT Historical_Data ([Ticker], [Date], [Close]) Values ( 'NFLX', '2023-05-09 00:00:00', 332.140015)
INSERT Historical_Data ([Ticker], [Date], [Close]) Values ( 'NFLX', '2023-05-10 00:00:00', 335.420013)
INSERT Historical_Data ([Ticker], [Date], [Close]) Values ( 'NFLX', '2023-05-11 00:00:00', 344.76001)
INSERT Historical_Data ([Ticker], [Date], [Close]) Values ( 'NFLX', '2023-05-12 00:00:00', 339.890015)
INSERT Historical_Data ([Ticker], [Date], [Close]) Values ( 'NFLX', '2023-05-15 00:00:00', 335.890015)
INSERT Historical_Data ([Ticker], [Date], [Close]) Values ( 'NFLX', '2023-05-16 00:00:00', 333.75)
INSERT Historical_Data ([Ticker], [Date], [Close]) Values ( 'NFLX', '2023-05-17 00:00:00', 339.959991)
INSERT Historical_Data ([Ticker], [Date], [Close]) Values ( 'NFLX', '2023-05-18 00:00:00', 367.589996)

------------------------
-- PEP = PepsiCo Inc ---
------------------------

INSERT Historical_Data ([Ticker], [Date], [Close]) Values ( 'PEP', '2022-05-18 00:00:00', 163.649994)
INSERT Historical_Data ([Ticker], [Date], [Close]) Values ( 'PEP', '2022-05-19 00:00:00', 161.199997)
INSERT Historical_Data ([Ticker], [Date], [Close]) Values ( 'PEP', '2022-05-20 00:00:00', 162.210007)
INSERT Historical_Data ([Ticker], [Date], [Close]) Values ( 'PEP', '2022-05-23 00:00:00', 165.600006)
INSERT Historical_Data ([Ticker], [Date], [Close]) Values ( 'PEP', '2022-05-24 00:00:00', 167.820007)
INSERT Historical_Data ([Ticker], [Date], [Close]) Values ( 'PEP', '2022-05-25 00:00:00', 168.970001)
INSERT Historical_Data ([Ticker], [Date], [Close]) Values ( 'PEP', '2022-05-26 00:00:00', 170.110001)
INSERT Historical_Data ([Ticker], [Date], [Close]) Values ( 'PEP', '2022-05-27 00:00:00', 171.770004)
INSERT Historical_Data ([Ticker], [Date], [Close]) Values ( 'PEP', '2022-05-31 00:00:00', 167.75)
INSERT Historical_Data ([Ticker], [Date], [Close]) Values ( 'PEP', '2022-06-01 00:00:00', 166.490005)
INSERT Historical_Data ([Ticker], [Date], [Close]) Values ( 'PEP', '2022-06-02 00:00:00', 166.679993)
INSERT Historical_Data ([Ticker], [Date], [Close]) Values ( 'PEP', '2022-06-03 00:00:00', 164.850006)
INSERT Historical_Data ([Ticker], [Date], [Close]) Values ( 'PEP', '2022-06-06 00:00:00', 165.539993)
INSERT Historical_Data ([Ticker], [Date], [Close]) Values ( 'PEP', '2022-06-07 00:00:00', 166.559998)
INSERT Historical_Data ([Ticker], [Date], [Close]) Values ( 'PEP', '2022-06-08 00:00:00', 165.729996)
INSERT Historical_Data ([Ticker], [Date], [Close]) Values ( 'PEP', '2022-06-09 00:00:00', 162.779999)
INSERT Historical_Data ([Ticker], [Date], [Close]) Values ( 'PEP', '2022-06-10 00:00:00', 162.520004)
INSERT Historical_Data ([Ticker], [Date], [Close]) Values ( 'PEP', '2022-06-13 00:00:00', 159.740005)
INSERT Historical_Data ([Ticker], [Date], [Close]) Values ( 'PEP', '2022-06-14 00:00:00', 156.119995)
INSERT Historical_Data ([Ticker], [Date], [Close]) Values ( 'PEP', '2022-06-15 00:00:00', 157.789993)
INSERT Historical_Data ([Ticker], [Date], [Close]) Values ( 'PEP', '2022-06-16 00:00:00', 157.029999)
INSERT Historical_Data ([Ticker], [Date], [Close]) Values ( 'PEP', '2022-06-17 00:00:00', 157.059998)
INSERT Historical_Data ([Ticker], [Date], [Close]) Values ( 'PEP', '2022-06-21 00:00:00', 160.710007)
INSERT Historical_Data ([Ticker], [Date], [Close]) Values ( 'PEP', '2022-06-22 00:00:00', 162.029999)
INSERT Historical_Data ([Ticker], [Date], [Close]) Values ( 'PEP', '2022-06-23 00:00:00', 164.100006)
INSERT Historical_Data ([Ticker], [Date], [Close]) Values ( 'PEP', '2022-06-24 00:00:00', 166.130005)
INSERT Historical_Data ([Ticker], [Date], [Close]) Values ( 'PEP', '2022-06-27 00:00:00', 166.350006)
INSERT Historical_Data ([Ticker], [Date], [Close]) Values ( 'PEP', '2022-06-28 00:00:00', 164.009995)
INSERT Historical_Data ([Ticker], [Date], [Close]) Values ( 'PEP', '2022-06-29 00:00:00', 166.729996)
INSERT Historical_Data ([Ticker], [Date], [Close]) Values ( 'PEP', '2022-06-30 00:00:00', 166.660004)
INSERT Historical_Data ([Ticker], [Date], [Close]) Values ( 'PEP', '2022-07-01 00:00:00', 169.389999)
INSERT Historical_Data ([Ticker], [Date], [Close]) Values ( 'PEP', '2022-07-05 00:00:00', 169.009995)
INSERT Historical_Data ([Ticker], [Date], [Close]) Values ( 'PEP', '2022-07-06 00:00:00', 170.699997)
INSERT Historical_Data ([Ticker], [Date], [Close]) Values ( 'PEP', '2022-07-07 00:00:00', 170.360001)
INSERT Historical_Data ([Ticker], [Date], [Close]) Values ( 'PEP', '2022-07-08 00:00:00', 171.880005)
INSERT Historical_Data ([Ticker], [Date], [Close]) Values ( 'PEP', '2022-07-11 00:00:00', 170.470001)
INSERT Historical_Data ([Ticker], [Date], [Close]) Values ( 'PEP', '2022-07-12 00:00:00', 169.5)
INSERT Historical_Data ([Ticker], [Date], [Close]) Values ( 'PEP', '2022-07-13 00:00:00', 170.100006)
INSERT Historical_Data ([Ticker], [Date], [Close]) Values ( 'PEP', '2022-07-14 00:00:00', 170.979996)
INSERT Historical_Data ([Ticker], [Date], [Close]) Values ( 'PEP', '2022-07-15 00:00:00', 171.119995)
INSERT Historical_Data ([Ticker], [Date], [Close]) Values ( 'PEP', '2022-07-18 00:00:00', 168.259995)
INSERT Historical_Data ([Ticker], [Date], [Close]) Values ( 'PEP', '2022-07-19 00:00:00', 170.059998)
INSERT Historical_Data ([Ticker], [Date], [Close]) Values ( 'PEP', '2022-07-20 00:00:00', 168.259995)
INSERT Historical_Data ([Ticker], [Date], [Close]) Values ( 'PEP', '2022-07-21 00:00:00', 168.509995)
INSERT Historical_Data ([Ticker], [Date], [Close]) Values ( 'PEP', '2022-07-22 00:00:00', 169.610001)
INSERT Historical_Data ([Ticker], [Date], [Close]) Values ( 'PEP', '2022-07-25 00:00:00', 169.850006)
INSERT Historical_Data ([Ticker], [Date], [Close]) Values ( 'PEP', '2022-07-26 00:00:00', 171.830002)
INSERT Historical_Data ([Ticker], [Date], [Close]) Values ( 'PEP', '2022-07-27 00:00:00', 171.589996)
INSERT Historical_Data ([Ticker], [Date], [Close]) Values ( 'PEP', '2022-07-28 00:00:00', 174.839996)
INSERT Historical_Data ([Ticker], [Date], [Close]) Values ( 'PEP', '2022-07-29 00:00:00', 174.960007)
INSERT Historical_Data ([Ticker], [Date], [Close]) Values ( 'PEP', '2022-08-01 00:00:00', 176.949997)
INSERT Historical_Data ([Ticker], [Date], [Close]) Values ( 'PEP', '2022-08-02 00:00:00', 175.490005)
INSERT Historical_Data ([Ticker], [Date], [Close]) Values ( 'PEP', '2022-08-03 00:00:00', 176.830002)
INSERT Historical_Data ([Ticker], [Date], [Close]) Values ( 'PEP', '2022-08-04 00:00:00', 175.869995)
INSERT Historical_Data ([Ticker], [Date], [Close]) Values ( 'PEP', '2022-08-05 00:00:00', 174.550003)
INSERT Historical_Data ([Ticker], [Date], [Close]) Values ( 'PEP', '2022-08-08 00:00:00', 173.850006)
INSERT Historical_Data ([Ticker], [Date], [Close]) Values ( 'PEP', '2022-08-09 00:00:00', 174.5)
INSERT Historical_Data ([Ticker], [Date], [Close]) Values ( 'PEP', '2022-08-10 00:00:00', 175.940002)
INSERT Historical_Data ([Ticker], [Date], [Close]) Values ( 'PEP', '2022-08-11 00:00:00', 175.039993)
INSERT Historical_Data ([Ticker], [Date], [Close]) Values ( 'PEP', '2022-08-12 00:00:00', 177.330002)
INSERT Historical_Data ([Ticker], [Date], [Close]) Values ( 'PEP', '2022-08-15 00:00:00', 179.279999)
INSERT Historical_Data ([Ticker], [Date], [Close]) Values ( 'PEP', '2022-08-16 00:00:00', 180.320007)
INSERT Historical_Data ([Ticker], [Date], [Close]) Values ( 'PEP', '2022-08-17 00:00:00', 180.220001)
INSERT Historical_Data ([Ticker], [Date], [Close]) Values ( 'PEP', '2022-08-18 00:00:00', 180.399994)
INSERT Historical_Data ([Ticker], [Date], [Close]) Values ( 'PEP', '2022-08-19 00:00:00', 180.169998)
INSERT Historical_Data ([Ticker], [Date], [Close]) Values ( 'PEP', '2022-08-22 00:00:00', 178.449997)
INSERT Historical_Data ([Ticker], [Date], [Close]) Values ( 'PEP', '2022-08-23 00:00:00', 178.369995)
INSERT Historical_Data ([Ticker], [Date], [Close]) Values ( 'PEP', '2022-08-24 00:00:00', 179.259995)
INSERT Historical_Data ([Ticker], [Date], [Close]) Values ( 'PEP', '2022-08-25 00:00:00', 179.270004)
INSERT Historical_Data ([Ticker], [Date], [Close]) Values ( 'PEP', '2022-08-26 00:00:00', 175.039993)
INSERT Historical_Data ([Ticker], [Date], [Close]) Values ( 'PEP', '2022-08-29 00:00:00', 174.490005)
INSERT Historical_Data ([Ticker], [Date], [Close]) Values ( 'PEP', '2022-08-30 00:00:00', 172.990005)
INSERT Historical_Data ([Ticker], [Date], [Close]) Values ( 'PEP', '2022-08-31 00:00:00', 172.270004)
INSERT Historical_Data ([Ticker], [Date], [Close]) Values ( 'PEP', '2022-09-01 00:00:00', 172.850006)
INSERT Historical_Data ([Ticker], [Date], [Close]) Values ( 'PEP', '2022-09-02 00:00:00', 170.660004)
INSERT Historical_Data ([Ticker], [Date], [Close]) Values ( 'PEP', '2022-09-06 00:00:00', 169.509995)
INSERT Historical_Data ([Ticker], [Date], [Close]) Values ( 'PEP', '2022-09-07 00:00:00', 173.25)
INSERT Historical_Data ([Ticker], [Date], [Close]) Values ( 'PEP', '2022-09-08 00:00:00', 172.669998)
INSERT Historical_Data ([Ticker], [Date], [Close]) Values ( 'PEP', '2022-09-09 00:00:00', 173.220001)
INSERT Historical_Data ([Ticker], [Date], [Close]) Values ( 'PEP', '2022-09-12 00:00:00', 173.899994)
INSERT Historical_Data ([Ticker], [Date], [Close]) Values ( 'PEP', '2022-09-13 00:00:00', 167.410004)
INSERT Historical_Data ([Ticker], [Date], [Close]) Values ( 'PEP', '2022-09-14 00:00:00', 168.679993)
INSERT Historical_Data ([Ticker], [Date], [Close]) Values ( 'PEP', '2022-09-15 00:00:00', 165.880005)
INSERT Historical_Data ([Ticker], [Date], [Close]) Values ( 'PEP', '2022-09-16 00:00:00', 166.970001)
INSERT Historical_Data ([Ticker], [Date], [Close]) Values ( 'PEP', '2022-09-19 00:00:00', 168.729996)
INSERT Historical_Data ([Ticker], [Date], [Close]) Values ( 'PEP', '2022-09-20 00:00:00', 168.919998)
INSERT Historical_Data ([Ticker], [Date], [Close]) Values ( 'PEP', '2022-09-21 00:00:00', 168.440002)
INSERT Historical_Data ([Ticker], [Date], [Close]) Values ( 'PEP', '2022-09-22 00:00:00', 168.600006)
INSERT Historical_Data ([Ticker], [Date], [Close]) Values ( 'PEP', '2022-09-23 00:00:00', 168.520004)
INSERT Historical_Data ([Ticker], [Date], [Close]) Values ( 'PEP', '2022-09-26 00:00:00', 168.449997)
INSERT Historical_Data ([Ticker], [Date], [Close]) Values ( 'PEP', '2022-09-27 00:00:00', 166.009995)
INSERT Historical_Data ([Ticker], [Date], [Close]) Values ( 'PEP', '2022-09-28 00:00:00', 168.669998)
INSERT Historical_Data ([Ticker], [Date], [Close]) Values ( 'PEP', '2022-09-29 00:00:00', 166.610001)
INSERT Historical_Data ([Ticker], [Date], [Close]) Values ( 'PEP', '2022-09-30 00:00:00', 163.259995)
INSERT Historical_Data ([Ticker], [Date], [Close]) Values ( 'PEP', '2022-10-03 00:00:00', 165.25)
INSERT Historical_Data ([Ticker], [Date], [Close]) Values ( 'PEP', '2022-10-04 00:00:00', 167.110001)
INSERT Historical_Data ([Ticker], [Date], [Close]) Values ( 'PEP', '2022-10-05 00:00:00', 166)
INSERT Historical_Data ([Ticker], [Date], [Close]) Values ( 'PEP', '2022-10-06 00:00:00', 162.800003)
INSERT Historical_Data ([Ticker], [Date], [Close]) Values ( 'PEP', '2022-10-07 00:00:00', 161.610001)
INSERT Historical_Data ([Ticker], [Date], [Close]) Values ( 'PEP', '2022-10-10 00:00:00', 161.820007)
INSERT Historical_Data ([Ticker], [Date], [Close]) Values ( 'PEP', '2022-10-11 00:00:00', 162.589996)
INSERT Historical_Data ([Ticker], [Date], [Close]) Values ( 'PEP', '2022-10-12 00:00:00', 169.389999)
INSERT Historical_Data ([Ticker], [Date], [Close]) Values ( 'PEP', '2022-10-13 00:00:00', 174.610001)
INSERT Historical_Data ([Ticker], [Date], [Close]) Values ( 'PEP', '2022-10-14 00:00:00', 170.190002)
INSERT Historical_Data ([Ticker], [Date], [Close]) Values ( 'PEP', '2022-10-17 00:00:00', 172.729996)
INSERT Historical_Data ([Ticker], [Date], [Close]) Values ( 'PEP', '2022-10-18 00:00:00', 175.059998)
INSERT Historical_Data ([Ticker], [Date], [Close]) Values ( 'PEP', '2022-10-19 00:00:00', 173.360001)
INSERT Historical_Data ([Ticker], [Date], [Close]) Values ( 'PEP', '2022-10-20 00:00:00', 171.460007)
INSERT Historical_Data ([Ticker], [Date], [Close]) Values ( 'PEP', '2022-10-21 00:00:00', 173.059998)
INSERT Historical_Data ([Ticker], [Date], [Close]) Values ( 'PEP', '2022-10-24 00:00:00', 177.679993)
INSERT Historical_Data ([Ticker], [Date], [Close]) Values ( 'PEP', '2022-10-25 00:00:00', 178.270004)
INSERT Historical_Data ([Ticker], [Date], [Close]) Values ( 'PEP', '2022-10-26 00:00:00', 179.070007)
INSERT Historical_Data ([Ticker], [Date], [Close]) Values ( 'PEP', '2022-10-27 00:00:00', 178.880005)
INSERT Historical_Data ([Ticker], [Date], [Close]) Values ( 'PEP', '2022-10-28 00:00:00', 182.229996)
INSERT Historical_Data ([Ticker], [Date], [Close]) Values ( 'PEP', '2022-10-31 00:00:00', 181.580002)
INSERT Historical_Data ([Ticker], [Date], [Close]) Values ( 'PEP', '2022-11-01 00:00:00', 180.759995)
INSERT Historical_Data ([Ticker], [Date], [Close]) Values ( 'PEP', '2022-11-02 00:00:00', 178.240005)
INSERT Historical_Data ([Ticker], [Date], [Close]) Values ( 'PEP', '2022-11-03 00:00:00', 177.779999)
INSERT Historical_Data ([Ticker], [Date], [Close]) Values ( 'PEP', '2022-11-04 00:00:00', 178.779999)
INSERT Historical_Data ([Ticker], [Date], [Close]) Values ( 'PEP', '2022-11-07 00:00:00', 180.210007)
INSERT Historical_Data ([Ticker], [Date], [Close]) Values ( 'PEP', '2022-11-08 00:00:00', 180.710007)
INSERT Historical_Data ([Ticker], [Date], [Close]) Values ( 'PEP', '2022-11-09 00:00:00', 178.550003)
INSERT Historical_Data ([Ticker], [Date], [Close]) Values ( 'PEP', '2022-11-10 00:00:00', 181.699997)
INSERT Historical_Data ([Ticker], [Date], [Close]) Values ( 'PEP', '2022-11-11 00:00:00', 178.050003)
INSERT Historical_Data ([Ticker], [Date], [Close]) Values ( 'PEP', '2022-11-14 00:00:00', 176.729996)
INSERT Historical_Data ([Ticker], [Date], [Close]) Values ( 'PEP', '2022-11-15 00:00:00', 177.190002)
INSERT Historical_Data ([Ticker], [Date], [Close]) Values ( 'PEP', '2022-11-16 00:00:00', 178.330002)
INSERT Historical_Data ([Ticker], [Date], [Close]) Values ( 'PEP', '2022-11-17 00:00:00', 180.029999)
INSERT Historical_Data ([Ticker], [Date], [Close]) Values ( 'PEP', '2022-11-18 00:00:00', 181.330002)
INSERT Historical_Data ([Ticker], [Date], [Close]) Values ( 'PEP', '2022-11-21 00:00:00', 184.820007)
INSERT Historical_Data ([Ticker], [Date], [Close]) Values ( 'PEP', '2022-11-22 00:00:00', 184.839996)
INSERT Historical_Data ([Ticker], [Date], [Close]) Values ( 'PEP', '2022-11-23 00:00:00', 185.080002)
INSERT Historical_Data ([Ticker], [Date], [Close]) Values ( 'PEP', '2022-11-25 00:00:00', 184.110001)
INSERT Historical_Data ([Ticker], [Date], [Close]) Values ( 'PEP', '2022-11-28 00:00:00', 183.889999)
INSERT Historical_Data ([Ticker], [Date], [Close]) Values ( 'PEP', '2022-11-29 00:00:00', 182.589996)
INSERT Historical_Data ([Ticker], [Date], [Close]) Values ( 'PEP', '2022-11-30 00:00:00', 185.509995)
INSERT Historical_Data ([Ticker], [Date], [Close]) Values ( 'PEP', '2022-12-01 00:00:00', 185.899994)
INSERT Historical_Data ([Ticker], [Date], [Close]) Values ( 'PEP', '2022-12-02 00:00:00', 185.690002)
INSERT Historical_Data ([Ticker], [Date], [Close]) Values ( 'PEP', '2022-12-05 00:00:00', 183.119995)
INSERT Historical_Data ([Ticker], [Date], [Close]) Values ( 'PEP', '2022-12-06 00:00:00', 181.630005)
INSERT Historical_Data ([Ticker], [Date], [Close]) Values ( 'PEP', '2022-12-07 00:00:00', 182.179993)
INSERT Historical_Data ([Ticker], [Date], [Close]) Values ( 'PEP', '2022-12-08 00:00:00', 183.779999)
INSERT Historical_Data ([Ticker], [Date], [Close]) Values ( 'PEP', '2022-12-09 00:00:00', 183.100006)
INSERT Historical_Data ([Ticker], [Date], [Close]) Values ( 'PEP', '2022-12-12 00:00:00', 183.970001)
INSERT Historical_Data ([Ticker], [Date], [Close]) Values ( 'PEP', '2022-12-13 00:00:00', 183.869995)
INSERT Historical_Data ([Ticker], [Date], [Close]) Values ( 'PEP', '2022-12-14 00:00:00', 183.360001)
INSERT Historical_Data ([Ticker], [Date], [Close]) Values ( 'PEP', '2022-12-15 00:00:00', 180.25)
INSERT Historical_Data ([Ticker], [Date], [Close]) Values ( 'PEP', '2022-12-16 00:00:00', 180.339996)
INSERT Historical_Data ([Ticker], [Date], [Close]) Values ( 'PEP', '2022-12-19 00:00:00', 181.339996)
INSERT Historical_Data ([Ticker], [Date], [Close]) Values ( 'PEP', '2022-12-20 00:00:00', 181.229996)
INSERT Historical_Data ([Ticker], [Date], [Close]) Values ( 'PEP', '2022-12-21 00:00:00', 182.5)
INSERT Historical_Data ([Ticker], [Date], [Close]) Values ( 'PEP', '2022-12-22 00:00:00', 181.089996)
INSERT Historical_Data ([Ticker], [Date], [Close]) Values ( 'PEP', '2022-12-23 00:00:00', 182.259995)
INSERT Historical_Data ([Ticker], [Date], [Close]) Values ( 'PEP', '2022-12-27 00:00:00', 183.070007)
INSERT Historical_Data ([Ticker], [Date], [Close]) Values ( 'PEP', '2022-12-28 00:00:00', 181.75)
INSERT Historical_Data ([Ticker], [Date], [Close]) Values ( 'PEP', '2022-12-29 00:00:00', 181.979996)
INSERT Historical_Data ([Ticker], [Date], [Close]) Values ( 'PEP', '2022-12-30 00:00:00', 180.660004)
INSERT Historical_Data ([Ticker], [Date], [Close]) Values ( 'PEP', '2023-01-03 00:00:00', 179.410004)
INSERT Historical_Data ([Ticker], [Date], [Close]) Values ( 'PEP', '2023-01-04 00:00:00', 178.970001)
INSERT Historical_Data ([Ticker], [Date], [Close]) Values ( 'PEP', '2023-01-05 00:00:00', 177.100006)
INSERT Historical_Data ([Ticker], [Date], [Close]) Values ( 'PEP', '2023-01-06 00:00:00', 181.100006)
INSERT Historical_Data ([Ticker], [Date], [Close]) Values ( 'PEP', '2023-01-09 00:00:00', 179.330002)
INSERT Historical_Data ([Ticker], [Date], [Close]) Values ( 'PEP', '2023-01-10 00:00:00', 177.850006)
INSERT Historical_Data ([Ticker], [Date], [Close]) Values ( 'PEP', '2023-01-11 00:00:00', 178.050003)
INSERT Historical_Data ([Ticker], [Date], [Close]) Values ( 'PEP', '2023-01-12 00:00:00', 175.779999)
INSERT Historical_Data ([Ticker], [Date], [Close]) Values ( 'PEP', '2023-01-13 00:00:00', 175.240005)
INSERT Historical_Data ([Ticker], [Date], [Close]) Values ( 'PEP', '2023-01-17 00:00:00', 176.059998)
INSERT Historical_Data ([Ticker], [Date], [Close]) Values ( 'PEP', '2023-01-18 00:00:00', 171.619995)
INSERT Historical_Data ([Ticker], [Date], [Close]) Values ( 'PEP', '2023-01-19 00:00:00', 169.630005)
INSERT Historical_Data ([Ticker], [Date], [Close]) Values ( 'PEP', '2023-01-20 00:00:00', 169.880005)
INSERT Historical_Data ([Ticker], [Date], [Close]) Values ( 'PEP', '2023-01-23 00:00:00', 169.119995)
INSERT Historical_Data ([Ticker], [Date], [Close]) Values ( 'PEP', '2023-01-24 00:00:00', 170.690002)
INSERT Historical_Data ([Ticker], [Date], [Close]) Values ( 'PEP', '2023-01-25 00:00:00', 171.929993)
INSERT Historical_Data ([Ticker], [Date], [Close]) Values ( 'PEP', '2023-01-26 00:00:00', 170.220001)
INSERT Historical_Data ([Ticker], [Date], [Close]) Values ( 'PEP', '2023-01-27 00:00:00', 169.619995)
INSERT Historical_Data ([Ticker], [Date], [Close]) Values ( 'PEP', '2023-01-30 00:00:00', 169.479996)
INSERT Historical_Data ([Ticker], [Date], [Close]) Values ( 'PEP', '2023-01-31 00:00:00', 171.020004)
INSERT Historical_Data ([Ticker], [Date], [Close]) Values ( 'PEP', '2023-02-01 00:00:00', 171.559998)
INSERT Historical_Data ([Ticker], [Date], [Close]) Values ( 'PEP', '2023-02-02 00:00:00', 169.970001)
INSERT Historical_Data ([Ticker], [Date], [Close]) Values ( 'PEP', '2023-02-03 00:00:00', 169.119995)
INSERT Historical_Data ([Ticker], [Date], [Close]) Values ( 'PEP', '2023-02-06 00:00:00', 171.820007)
INSERT Historical_Data ([Ticker], [Date], [Close]) Values ( 'PEP', '2023-02-07 00:00:00', 171.559998)
INSERT Historical_Data ([Ticker], [Date], [Close]) Values ( 'PEP', '2023-02-08 00:00:00', 171.160004)
INSERT Historical_Data ([Ticker], [Date], [Close]) Values ( 'PEP', '2023-02-09 00:00:00', 172.779999)
INSERT Historical_Data ([Ticker], [Date], [Close]) Values ( 'PEP', '2023-02-10 00:00:00', 176.199997)
INSERT Historical_Data ([Ticker], [Date], [Close]) Values ( 'PEP', '2023-02-13 00:00:00', 177.770004)
INSERT Historical_Data ([Ticker], [Date], [Close]) Values ( 'PEP', '2023-02-14 00:00:00', 175.770004)
INSERT Historical_Data ([Ticker], [Date], [Close]) Values ( 'PEP', '2023-02-15 00:00:00', 176.009995)
INSERT Historical_Data ([Ticker], [Date], [Close]) Values ( 'PEP', '2023-02-16 00:00:00', 175.509995)
INSERT Historical_Data ([Ticker], [Date], [Close]) Values ( 'PEP', '2023-02-17 00:00:00', 176.279999)
INSERT Historical_Data ([Ticker], [Date], [Close]) Values ( 'PEP', '2023-02-21 00:00:00', 176.179993)
INSERT Historical_Data ([Ticker], [Date], [Close]) Values ( 'PEP', '2023-02-22 00:00:00', 176.119995)
INSERT Historical_Data ([Ticker], [Date], [Close]) Values ( 'PEP', '2023-02-23 00:00:00', 176.309998)
INSERT Historical_Data ([Ticker], [Date], [Close]) Values ( 'PEP', '2023-02-24 00:00:00', 175.960007)
INSERT Historical_Data ([Ticker], [Date], [Close]) Values ( 'PEP', '2023-02-27 00:00:00', 175.910004)
INSERT Historical_Data ([Ticker], [Date], [Close]) Values ( 'PEP', '2023-02-28 00:00:00', 173.529999)
INSERT Historical_Data ([Ticker], [Date], [Close]) Values ( 'PEP', '2023-03-01 00:00:00', 171.330002)
INSERT Historical_Data ([Ticker], [Date], [Close]) Values ( 'PEP', '2023-03-02 00:00:00', 173.320007)
INSERT Historical_Data ([Ticker], [Date], [Close]) Values ( 'PEP', '2023-03-03 00:00:00', 173.149994)
INSERT Historical_Data ([Ticker], [Date], [Close]) Values ( 'PEP', '2023-03-06 00:00:00', 173.5)
INSERT Historical_Data ([Ticker], [Date], [Close]) Values ( 'PEP', '2023-03-07 00:00:00', 172.639999)
INSERT Historical_Data ([Ticker], [Date], [Close]) Values ( 'PEP', '2023-03-08 00:00:00', 173.110001)
INSERT Historical_Data ([Ticker], [Date], [Close]) Values ( 'PEP', '2023-03-09 00:00:00', 171.800003)
INSERT Historical_Data ([Ticker], [Date], [Close]) Values ( 'PEP', '2023-03-10 00:00:00', 172.029999)
INSERT Historical_Data ([Ticker], [Date], [Close]) Values ( 'PEP', '2023-03-13 00:00:00', 173.710007)
INSERT Historical_Data ([Ticker], [Date], [Close]) Values ( 'PEP', '2023-03-14 00:00:00', 173.529999)
INSERT Historical_Data ([Ticker], [Date], [Close]) Values ( 'PEP', '2023-03-15 00:00:00', 176.630005)
INSERT Historical_Data ([Ticker], [Date], [Close]) Values ( 'PEP', '2023-03-16 00:00:00', 176.509995)
INSERT Historical_Data ([Ticker], [Date], [Close]) Values ( 'PEP', '2023-03-17 00:00:00', 175.130005)
INSERT Historical_Data ([Ticker], [Date], [Close]) Values ( 'PEP', '2023-03-20 00:00:00', 177.589996)
INSERT Historical_Data ([Ticker], [Date], [Close]) Values ( 'PEP', '2023-03-21 00:00:00', 178.009995)
INSERT Historical_Data ([Ticker], [Date], [Close]) Values ( 'PEP', '2023-03-22 00:00:00', 176.509995)
INSERT Historical_Data ([Ticker], [Date], [Close]) Values ( 'PEP', '2023-03-23 00:00:00', 175.649994)
INSERT Historical_Data ([Ticker], [Date], [Close]) Values ( 'PEP', '2023-03-24 00:00:00', 179.089996)
INSERT Historical_Data ([Ticker], [Date], [Close]) Values ( 'PEP', '2023-03-27 00:00:00', 179.490005)
INSERT Historical_Data ([Ticker], [Date], [Close]) Values ( 'PEP', '2023-03-28 00:00:00', 179.429993)
INSERT Historical_Data ([Ticker], [Date], [Close]) Values ( 'PEP', '2023-03-29 00:00:00', 180.669998)
INSERT Historical_Data ([Ticker], [Date], [Close]) Values ( 'PEP', '2023-03-30 00:00:00', 180.830002)
INSERT Historical_Data ([Ticker], [Date], [Close]) Values ( 'PEP', '2023-03-31 00:00:00', 182.300003)
INSERT Historical_Data ([Ticker], [Date], [Close]) Values ( 'PEP', '2023-04-03 00:00:00', 182.5)
INSERT Historical_Data ([Ticker], [Date], [Close]) Values ( 'PEP', '2023-04-04 00:00:00', 181.850006)
INSERT Historical_Data ([Ticker], [Date], [Close]) Values ( 'PEP', '2023-04-05 00:00:00', 183.639999)
INSERT Historical_Data ([Ticker], [Date], [Close]) Values ( 'PEP', '2023-04-06 00:00:00', 184.360001)
INSERT Historical_Data ([Ticker], [Date], [Close]) Values ( 'PEP', '2023-04-10 00:00:00', 183.199997)
INSERT Historical_Data ([Ticker], [Date], [Close]) Values ( 'PEP', '2023-04-11 00:00:00', 182.919998)
INSERT Historical_Data ([Ticker], [Date], [Close]) Values ( 'PEP', '2023-04-12 00:00:00', 182.559998)
INSERT Historical_Data ([Ticker], [Date], [Close]) Values ( 'PEP', '2023-04-13 00:00:00', 184.380005)
INSERT Historical_Data ([Ticker], [Date], [Close]) Values ( 'PEP', '2023-04-14 00:00:00', 183.509995)
INSERT Historical_Data ([Ticker], [Date], [Close]) Values ( 'PEP', '2023-04-17 00:00:00', 184.449997)
INSERT Historical_Data ([Ticker], [Date], [Close]) Values ( 'PEP', '2023-04-18 00:00:00', 184.830002)
INSERT Historical_Data ([Ticker], [Date], [Close]) Values ( 'PEP', '2023-04-19 00:00:00', 184.720001)
INSERT Historical_Data ([Ticker], [Date], [Close]) Values ( 'PEP', '2023-04-20 00:00:00', 185.330002)
INSERT Historical_Data ([Ticker], [Date], [Close]) Values ( 'PEP', '2023-04-21 00:00:00', 185.410004)
INSERT Historical_Data ([Ticker], [Date], [Close]) Values ( 'PEP', '2023-04-24 00:00:00', 185.5)
INSERT Historical_Data ([Ticker], [Date], [Close]) Values ( 'PEP', '2023-04-25 00:00:00', 189.710007)
INSERT Historical_Data ([Ticker], [Date], [Close]) Values ( 'PEP', '2023-04-26 00:00:00', 188.539993)
INSERT Historical_Data ([Ticker], [Date], [Close]) Values ( 'PEP', '2023-04-27 00:00:00', 189.690002)
INSERT Historical_Data ([Ticker], [Date], [Close]) Values ( 'PEP', '2023-04-28 00:00:00', 190.889999)
INSERT Historical_Data ([Ticker], [Date], [Close]) Values ( 'PEP', '2023-05-01 00:00:00', 191.679993)
INSERT Historical_Data ([Ticker], [Date], [Close]) Values ( 'PEP', '2023-05-02 00:00:00', 192.25)
INSERT Historical_Data ([Ticker], [Date], [Close]) Values ( 'PEP', '2023-05-03 00:00:00', 192.179993)
INSERT Historical_Data ([Ticker], [Date], [Close]) Values ( 'PEP', '2023-05-04 00:00:00', 193.380005)
INSERT Historical_Data ([Ticker], [Date], [Close]) Values ( 'PEP', '2023-05-05 00:00:00', 194.270004)
INSERT Historical_Data ([Ticker], [Date], [Close]) Values ( 'PEP', '2023-05-08 00:00:00', 193.350006)
INSERT Historical_Data ([Ticker], [Date], [Close]) Values ( 'PEP', '2023-05-09 00:00:00', 194.139999)
INSERT Historical_Data ([Ticker], [Date], [Close]) Values ( 'PEP', '2023-05-10 00:00:00', 194.270004)
INSERT Historical_Data ([Ticker], [Date], [Close]) Values ( 'PEP', '2023-05-11 00:00:00', 195.339996)
INSERT Historical_Data ([Ticker], [Date], [Close]) Values ( 'PEP', '2023-05-12 00:00:00', 196.119995)
INSERT Historical_Data ([Ticker], [Date], [Close]) Values ( 'PEP', '2023-05-15 00:00:00', 194.270004)
INSERT Historical_Data ([Ticker], [Date], [Close]) Values ( 'PEP', '2023-05-16 00:00:00', 193.429993)
INSERT Historical_Data ([Ticker], [Date], [Close]) Values ( 'PEP', '2023-05-17 00:00:00', 192.059998)
INSERT Historical_Data ([Ticker], [Date], [Close]) Values ( 'PEP', '2023-05-18 00:00:00', 191.460007)



-----------------------------
-----------------------------
--Populate Transaction Data--
-----------------------------
-----------------------------

INSERT Transaction_Data([Ticker], [Date], [Quantity], [Price]) Values ( 'NFLX', '2022-12-13 00:00:00', 3, 945.539979)
INSERT Transaction_Data([Ticker], [Date], [Quantity], [Price]) Values ( 'SGEN', '2022-09-28 00:00:00', 2, 270.700012)
INSERT Transaction_Data([Ticker], [Date], [Quantity], [Price]) Values ( 'INTU', '2022-06-13 00:00:00', 1, 381.220001)
INSERT Transaction_Data([Ticker], [Date], [Quantity], [Price]) Values ( 'NDX', '2022-05-18 00:00:00', -1, 13589.259766)
INSERT Transaction_Data([Ticker], [Date], [Quantity], [Price]) Values ( 'PEP', '2023-01-03 00:00:00', -2, 361.320008)


---------------------------------------
---------------------------------------
--Populate Net_Price Connecting Table--
---------------------------------------
---------------------------------------

INSERT Net_Price(Historical_ID, Transaction_ID) Values(251, 4)
INSERT Net_Price(Historical_ID, Transaction_ID) Values(269, 3)
INSERT Net_Price(Historical_ID, Transaction_ID) Values(595, 2)
INSERT Net_Price(Historical_ID, Transaction_ID) Values(900, 1)
INSERT Net_Price(Historical_ID, Transaction_ID) Values(1165, 5)